('hlavní'# 93),jídlo,('bylo'# 235)
('bylo'# 33),jídlo,('jsme'# 83)
('dobré'# 31),jídlo,('jsem'# 55)
('obsluha'# 29),jídlo,('opravdu'# 18)
('jsme'# 22),jídlo,('nebylo'# 14)
('výborné'# 20),jídlo,('výborné#'# 12)
('velmi'# 20),jídlo,('dobré#'# 10)
('druhé'# 15),jídlo,('velmi'# 10)
('obsluha#'# 15),jídlo,('vynikající'# 9)
('jedno'# 14),jídlo,('vynikající#'# 8)
('chutné'# 14),jídlo,('výborné'# 7)
('příjemná'# 13),jídlo,('není'# 7)
('jsem'# 13),jídlo,('samotné'# 6)
('čekání'# 11),jídlo,('chutné#'# 6)
('opravdu'# 11),jídlo,('nemělo'# 6)
('skvělé'# 9),jídlo,('krásně'# 5)
('tohle'# 9),jídlo,('skvělé#'# 5)
('festivalu'# 9),jídlo,('rozhodně'# 5)
('další'# 9),jídlo,('bohužel'# 5)
('objednané'# 9),jídlo,('byla'# 5)
('vynikající'# 8),jídlo,('dobré'# 5)
('rámci'# 8),jídlo,('čekali'# 5)
('příjemná#'# 8),jídlo,('celkem'# 5)
('říct#'# 8),jídlo,('mají'# 5)
('celkově'# 7),jídlo,('steak'# 4)
('pití'# 7),jídlo,('nemá'# 4)
('moje'# 7),jídlo,('patří'# 3)
('je'# 6),jídlo,('vždy'# 3)
('takové'# 6),jídlo,('super'# 3)
('restaurace'# 6),jídlo,('chutná'# 3)
('dostali'# 6),jídlo,('vypadalo'# 3)
('byla'# 6),jídlo,('opět'# 3)
('naprosto'# 6),jídlo,('potom'# 3)
('celé'# 5),jídlo,('trochu'# 3)
('dali'# 5),jídlo,('nezklamalo'# 3)
('restauraci'# 5),jídlo,('naprosto'# 3)
('milá#'# 5),jídlo,('výborně'# 3)
('super#'# 5),jídlo,('stojí'# 3)
('nicméně'# 5),jídlo,('průměrné#'# 3)
('dobře'# 5),jídlo,('bývá'# 3)
('velice'# 5),jídlo,('hodnotit'# 3)
('vždy'# 5),jídlo,('připravené'# 3)
('normální'# 5),jídlo,('dost'# 3)
('většinou'# 5),jídlo,('skvěle'# 3)
('rozhodně'# 5),jídlo,('nadprůměrně'# 3)
('které'# 5),jídlo,('průměrné'# 3)
('ovšem'# 4),jídlo,('spíše'# 3)
('ceny'# 4),jídlo,('poměrně'# 3)
('příjemné#'# 4),jídlo,('tady'# 2)
('prostředí'# 4),jídlo,('neurazí#'# 2)
('naprostá'# 4),jídlo,('kuřecí'# 2)
('donesli'# 4),jídlo,('velice'# 2)
('studené'# 4),jídlo,('šahám'# 2)
('prostředí#'# 4),jídlo,('lepší'# 2)
('pivo'# 4),jídlo,('celkově'# 2)
('hodnotit'# 4),jídlo,('teda'# 2)
('ochotná'# 4),jídlo,('předčilo'# 2)
('špatné'# 3),jídlo,('pouze'# 2)
('nijak'# 3),jídlo,('trvá'# 2)
('fakt#'# 3),jídlo,('normální'# 2)
('trochu'# 3),jídlo,('včetně'# 2)
('doporučit.'# 3),jídlo,('počkat'# 2)
('kuchař'# 3),jídlo,('formou'# 2)
('hlavně'# 3),jídlo,('připraví'# 2)
('pořádku#'# 3),jídlo,('nese'# 2)
('kvalitní'# 3),jídlo,('pečené'# 2)
('připravené'# 3),jídlo,('nikterak'# 2)
('příjemná.'# 3),jídlo,('zatím'# 2)
('dlouho'# 3),jídlo,('díky'# 2)
('objednali'# 3),jídlo,('stálo'# 2)
('samotné'# 3),jídlo,('tentokrát'# 2)
('každé'# 3),jídlo,('dostanete'# 2)
('výborná#'# 3),jídlo,('mohu'# 2)
('příjemné'# 3),jídlo,('nepřinesli'# 2)
('chuťově'# 3),jídlo,('fakt'# 2)
('menu'# 3),jídlo,('(byl'# 2)
('víno'# 3),jídlo,('obecně'# 2)
('dobré#'# 3),jídlo,('naprostá'# 2)
('jednoduché'# 3),jídlo,('dobrý#'# 2)
('bohužel'# 3),jídlo,('připravováno'# 2)
('první'# 3),jídlo,('hotovo'# 2)
('restaurace#'# 3),jídlo,('ještě'# 2)
('výborné#'# 3),jídlo,('chuťově'# 2)
('pěkné#'# 3),jídlo,('chicken'# 2)
('určitě'# 3),jídlo,('průměr#'# 2)
('podobné'# 3),jídlo,('nejprve'# 2)
('budeme'# 3),jídlo,('podprůměrné#'# 2)
('docela'# 3),jídlo,('číšník'# 2)
('ostatní'# 3),jídlo,('ovšem'# 2)
('fakt'# 3),jídlo,('docela'# 2)
('několikrát'# 3),jídlo,('dobře'# 2)
('čekali'# 3),jídlo,('perfektní#'# 2)
('albánské'# 3),jídlo,('měli'# 2)
('poměrně'# 3),jídlo,('které'# 2)
('úžasné#'# 2),jídlo,('přinesli'# 2)
('kuchyně'# 2),jídlo,('slušné#'# 2)
('každý'# 2),jídlo,('výtečné#'# 2)
('mi'# 2),jídlo,('pití'# 2)
('tím#'# 2),jídlo,('super#'# 2)
('plno#'# 2),jídlo,('objevovat#'# 1)
('vybrali'# 2),jídlo,('došlo#'# 1)
('chicken'# 2),jídlo,('byli'# 1)
('rozporuplný'# 2),jídlo,('můžete'# 1)
('vstřícná'# 2),jídlo,('baví'# 1)
('druhý'# 2),jídlo,('hodinu'# 1)
('nebyly'# 2),jídlo,('může'# 1)
('musel'# 2),jídlo,('rozhlíželi#'# 1)
('neoslní#'# 2),jídlo,('čerstvé'# 1)
('hospůdka#'# 2),jídlo,('dělají'# 1)
('kteří'# 2),jídlo,('marinovaná'# 1)
('super'# 2),jídlo,('takové'# 1)
('vysoce'# 2),jídlo,('zde?'# 1)
('špenátem'# 2),jídlo,('toho'# 1)
('tam'# 2),jídlo,('zajdeme'# 1)
('vařil'# 2),jídlo,('kdysi'# 1)
('křen#'# 2),jídlo,('(vepřová'# 1)
('profesionální#'# 2),jídlo,('vyměnit'# 1)
('jinak'# 2),jídlo,('čekalo#'# 1)
('úplně'# 2),jídlo,('připravovalo'# 1)
('zcela'# 2),jídlo,('hrůza'# 1)
('způsobem'# 2),jídlo,('počínaje'# 1)
('-'# 2),jídlo,('nedodělané#'# 1)
('vcelku'# 2),jídlo,('bohužel.první'# 1)
('minut'# 2),jídlo,('servírují'# 1)
('objednal'# 2),jídlo,('výtečné.objednali'# 1)
('nikdy'# 2),jídlo,('špatné#kombinace'# 1)
('mého'# 2),jídlo,('nějak'# 1)
('názoru'# 2),jídlo,('(vyzkoušeli'# 1)
('všechno'# 2),jídlo,('dáváme'# 1)
('pohotová'# 2),jídlo,('kančí'# 1)
('rád#'# 2),jídlo,('donesl'# 1)
('brně'# 2),jídlo,('buă„âź'# 1)
('bude'# 2),jídlo,('candáta'# 1)
('špatný'# 2),jídlo,('nebyo'# 1)
('zatím'# 2),jídlo,('dostačující'# 1)
('uznat#'# 2),jídlo,('solidní'# 1)
('mile'# 2),jídlo,('výborné:'# 1)
('nabídka#'# 2),jídlo,('standart'# 1)
('rádi'# 2),jídlo,('nechutnal#'# 1)
('usměvavá.'# 2),jídlo,('zabité'# 1)
('pouze'# 2),jídlo,('čekali#'# 1)
('nechutnalo.'# 2),jídlo,('ochutnáno'# 1)
('čekaní'# 2),jídlo,('stylem'# 1)
('milá.'# 2),jídlo,('špatné#'# 1)
('steak#'# 2),jídlo,('otloukl'# 1)
('dřevěných'# 2),jídlo,('neodpovídalo'# 1)
('přijde'# 2),jídlo,('snědla#'# 1)
('dobrý'# 2),jídlo,('vrátili.já'# 1)
('velké#'# 2),jídlo,('zaplatili'# 1)
('ochotná#'# 2),jídlo,('dovykládat'# 1)
('lepší'# 2),jídlo,('salát'# 1)
('nemohu'# 2),jídlo,('mnohokrát#'# 1)
('upravené'# 2),jídlo,('množstvím'# 1)
('nejlepší'# 2),jídlo,('hotové'# 1)
('obecně'# 2),jídlo,('vege'# 1)
('cena'# 2),jídlo,('nevracím'# 1)
('jídlo#'# 2),jídlo,('rozvozem#'# 1)
('případě'# 2),jídlo,('donesla'# 1)
('stejně'# 2),jídlo,('vrátily'# 1)
('příjemné.'# 2),jídlo,('vepřová'# 1)
('výbornou'# 2),jídlo,('(druhý'# 1)
('říci#'# 2),jídlo,('!!!hodnotím'# 1)
('polévku#'# 2),jídlo,('syté!'# 1)
('stejné'# 2),jídlo,('chutnalo#'# 1)
('doporučuji#'# 2),jídlo,('snaží'# 1)
('ještě'# 2),jídlo,('doporučuji.příjemné'# 1)
('máme'# 2),jídlo,(':-)navšťevuji'# 1)
('perfektní'# 2),jídlo,('vynikající.do'# 1)
('lepší.'# 2),jídlo,('snažší'# 1)
('stále'# 2),jídlo,('přineseno'# 1)
('hotové'# 2),jídlo,('chválili).velmi'# 1)
('pohled'# 2),jídlo,('zeleninový'# 1)
('spíš'# 2),jídlo,('vepřoví'# 1)
('špatně'# 2),jídlo,('spolu'# 1)
('špenátem.'# 2),jídlo,('grilovaný'# 1)
('smažené'# 2),jídlo,('originální'# 1)
('dnes'# 2),jídlo,('přivezli'# 1)
('dobrá'# 2),jídlo,('nezajímavé#'# 1)
('lístek#'# 2),jídlo,('servíroval'# 1)
('vybrané'# 2),jídlo,('zalévá#'# 1)
('každopádně'# 2),jídlo,('nechutnalo#'# 1)
('skvělé#'# 2),jídlo,(':-)dala'# 1)
('posezení'# 2),jídlo,('radši'# 1)
('fajn#'# 2),jídlo,('(penné'# 1)
('objednat'# 2),jídlo,('též(jako'# 1)
('mají'# 2),jídlo,('donesou#'# 1)
('moc#'# 2),jídlo,('dalších'# 1)
('vyloženě'# 2),jídlo,('ă˘â€â“'# 1)
('atmosféra'# 2),jídlo,('nedával.když'# 1)
('dobrý#'# 2),jídlo,('svoji'# 1)
('zážitek#'# 2),jídlo,('dokáže'# 1)
('není'# 2),jídlo,('jíst'# 1)
('škoda#'# 2),jídlo,"(""'pečené""# 1)"
('téměř'# 2),jídlo,('přece'# 1)
('naštěstí'# 2),jídlo,('adekvátní#'# 1)
('okolí'# 2),jídlo,('zatavené'# 1)
('obyčejný'# 2),jídlo,('nejdříve'# 1)
('nijaké'# 2),jídlo,('nejedl'# 1)
('trošku'# 2),jídlo,('nejlépe'# 1)
('posezení#'# 2),jídlo,('vývarem#'# 1)
('opět'# 2),jídlo,('čkali'# 1)
('solidní'# 2),jídlo,('nevrátila'# 1)
('rychlá#'# 2),jídlo,('neslané#'# 1)
('jsou'# 2),jídlo,('pokaždé'# 1)
('předražené'# 2),jídlo,('počkáme'# 1)
('placení.'# 2),jídlo,('neurazí'# 1)
('navíc'# 2),jídlo,('řekla'# 1)
('spokojenost#'# 2),jídlo,('udělat'# 1)
('kdovíjak'# 1),jídlo,('perfektní'# 1)
('maximum'# 1),jídlo,('opice'# 1)
('vychutnal'# 1),jídlo,('naservírováno'# 1)
('radost'# 1),jídlo,('dlouho.líbí'# 1)
('kuřecím'# 1),jídlo,('vafle'# 1)
('butter'# 1),jídlo,('připravit'# 1)
('bramborem.'# 1),jídlo,('nestěžoval'# 1)
('pozitivní#'# 1),jídlo,('sestávající'# 1)
('výraznější'# 1),jídlo,('platíme'# 1)
('čerstvých'# 1),jídlo,('někdy'# 1)
('povyšují'# 1),jídlo,('steak#'# 1)
('nedělala.'# 1),jídlo,('přišlo'# 1)
('ubral'# 1),jídlo,('hodnotil'# 1)
('neskrývá'# 1),jídlo,('hodně'# 1)
('hodil)#'# 1),jídlo,('nechali'# 1)
('prosté'# 1),jídlo,('účtováno'# 1)
('nebude'# 1),jídlo,('samozřejmě'# 1)
('baví'# 1),jídlo,('přinesli#'# 1)
('zahraniční'# 1),jídlo,('(které'# 1)
('své'# 1),jídlo,('doporučuji'# 1)
('stolu'# 1),jídlo,('vymyslel.vynikajici'# 1)
('průměrně#'# 1),jídlo,('nedobré'# 1)
('nějakej'# 1),jídlo,('žádná'# 1)
('jazyk.'# 1),jídlo,('úplně'# 1)
('super.'# 1),jídlo,('hodnotím'# 1)
('krkolomně'# 1),jídlo,('nemám#'# 1)
('čekám'# 1),jídlo,('nepřivezou'# 1)
('pocit:'# 1),jídlo,('nevypadalo'# 1)
('nechutná.hlavní'# 1),jídlo,('začal'# 1)
('tomu#'# 1),jídlo,('odnést'# 1)
('měli'# 1),jídlo,('vynikající.vážení'# 1)
('nabídce'# 1),jídlo,('ucházející#'# 1)
('vmžiku'# 1),jídlo,('odnesl'# 1)
('mírné#'# 1),jídlo,('přinesl'# 1)
('kontakt#'# 1),jídlo,('nedá'# 1)
('okořeněné#'# 1),jídlo,('dali'# 1)
('nekřupala#'# 1),jídlo,('proplácelo#'# 1)
('vzhledově'# 1),jídlo,('spolustolovníka'# 1)
('táta.'# 1),jídlo,('cena'# 1)
('znechucený'# 1),jídlo,('připálené'# 1)
('sumárum'# 1),jídlo,('měla'# 1)
('neodpovídá.'# 1),jídlo,('vařené'# 1)
('minutách.'# 1),jídlo,('(degustační'# 1)
('představí'# 1),jídlo,('čekat'# 1)
('servírované'# 1),jídlo,('minimálně'# 1)
('tady'# 1),jídlo,('zapomněli'# 1)
('promění'# 1),jídlo,('výborne#'# 1)
('mnohdy'# 1),jídlo,('dělá#'# 1)
('objednáno'# 1),jídlo,('(fal'# 1)
('kupka'# 1),jídlo,('musel'# 1)
('neuvěřitelně'# 1),jídlo,('začali'# 1)
('zakouřeno#'# 1),jídlo,('označit'# 1)
('účet'# 1),jídlo,('(již'# 1)
('moderní.'# 1),jídlo,('(popřípadě'# 1)
('nečekali'# 1),jídlo,('těstovinové'# 1)
('pochutnali.'# 1),jídlo,('dokonalé'# 1)
('víno#'# 1),jídlo,('všichni'# 1)
('odběhla'# 1),jídlo,('tvoří'# 1)
('zklamán'# 1),jídlo,('značně'# 1)
('chutná.'# 1),jídlo,('(hermelín#'# 1)
('rozhovoru'# 1),jídlo,('doplněné'# 1)
('harmonogramu#'# 1),jídlo,('jsou'# 1)
('děkujemevynikající'# 1),jídlo,('spíš'# 1)
('hospoda#'# 1),jídlo,('(steaky)'# 1)
('cibulkou.'# 1),jídlo,('hodné'# 1)
('poprvé'# 1),jídlo,('protáhlo'# 1)
('nestíhají#'# 1),jídlo,('všechny'# 1)
('kapusta...'# 1),jídlo,('podruhé'# 1)
('5)'# 1),jídlo,('pochvaloval#'# 1)
('byli'# 1),jídlo,('hovězí'# 1)
('slevu'# 1),jídlo,('pravé'# 1)
('vrátíme#'# 1),jídlo,('přimhouří'# 1)
('jelikož'# 1),jídlo,('zaplatil'# 1)
('nepříjemná#'# 1),jídlo,('(pizza'# 1)
('hrozné.'# 1),jídlo,('pustili'# 1)
('nedala..'# 1),jídlo,('uvařeno'# 1)
('hodinu'# 1),jídlo,('grilovaná'# 1)
('poprosili'# 1),jídlo,('nedodělané-sirové!návštěva'# 1)
('obdrželi'# 1),jídlo,('upraveno'# 1)
('slaninou.'# 1),jídlo,('vracet#'# 1)
('pamatuju.'# 1),jídlo,('byly'# 1)
('nejsem'# 1),jídlo,('osolit#'# 1)
('neudělal....'# 1),jídlo,('hrozné'# 1)
('hodnotil'# 1),jídlo,('akorát'# 1)
('zážitek.'# 1),jídlo,('doplňují'# 1)
('klasické'# 1),jídlo,('uběhlo'# 1)
('prostonárodní'# 1),jídlo,('mile'# 1)
('mohl#'# 1),jídlo,('vrátíl'# 1)
('řekla'# 1),jídlo,('steaky'# 1)
('zdrclá#'# 1),jídlo,('(kotleta'# 1)
('mikrovlnku'# 1),jídlo,('pečeného'# 1)
('raději'# 1),jídlo,('otřesné#'# 1)
('někdy'# 1),jídlo,('těstoviny'# 1)
('klidně'# 1),jídlo,('standardní#'# 1)
('neschopnost'# 1),jídlo,('nepřeplácané'# 1)
('uvedu#'# 1),jídlo,('zhotoveno'# 1)
('vývarem#'# 1),jídlo,('(přímo'# 1)
('výborná'# 1),jídlo,('žebra#'# 1)
('malinami.'# 1),jídlo,('ryba'# 1)
('restauraci.'# 1),jídlo,('malej'# 1)
('pěknou'# 1),jídlo,('večera)'# 1)
('navštívili'# 1),jídlo,('adekvátní'# 1)
('kvalitně'# 1),jídlo,('(polévku'# 1)
('neochucené'# 1),jídlo,('krůtí'# 1)
('salsa'# 1),jídlo,('jedna'# 1)
('netaktním'# 1),jídlo,('respektující'# 1)
('mladší'# 1),jídlo,('pokud'# 1)
('číšník'# 1),jídlo,('vynikajicí'# 1)
('úsměvem.'# 1),jídlo,('neskutečně'# 1)
('dostal'# 1),jídlo,('dohromady-'# 1)
('dvojitá)#'# 1),jídlo,('téže.dali'# 1)
('hodnocením'# 1),jídlo,('carpacio#plněné'# 1)
('ohradil#'# 1),jídlo,('tataráček'# 1)
('bílé.'# 1),jídlo,('muset'# 1)
('sobotní'# 1),jídlo,('spaghetti'# 1)
('nadále'# 1),jídlo,('nebyla'# 1)
('hodně'# 1),jídlo,('příjemně'# 1)
('přiměřenou'# 1),jídlo,('nádherně'# 1)
('obyčejné.'# 1),jídlo,('rádi'# 1)
('oknu.'# 1),jídlo,('(těstoviny#'# 1)
('oříškem#'# 1),jídlo,('ochutnala'# 1)
('prohlíželo.'# 1),jídlo,('průměr:'# 1)
('ruce.'# 1),jídlo,('těšit.na'# 1)
('vysoká'# 1),jídlo,('žádné'# 1)
('ampiamente'# 1),jídlo,('nepřinášeli'# 1)
('skvělá'# 1),jídlo,('odmítli'# 1)
('minut)#'# 1),jídlo,('dáli'# 1)
('pochopit#'# 1),jídlo,('servírované'# 1)
('pořád'# 1),jídlo,('(smažené'# 1)
('přitom'# 1),jídlo,('mého'# 1)
('rodiči.'# 1),jídlo,('(nepřeceňuji'# 1)
('ostaní'# 1),jídlo,('(při'# 1)
('chvilku'# 1),jídlo,('přemaštěné#'# 1)
('odečíst'# 1),jídlo,('nepotřebovalo'# 1)
('můžu.'# 1),jídlo,('gnochi'# 1)
('preferencí'# 1),jídlo,('taková'# 1)
('snědl.'# 1),jídlo,('nosí'# 1)
('fajn'# 1),jídlo,('(kuřecí'# 1)
('pomohla'# 1),jídlo,('vychutnáte'# 1)
('vybrat'# 1),jídlo,('pod-průměr#'# 1)
('obsluze'# 1),jídlo,('podprůměrné'# 1)
('podotkl#'# 1),jídlo,('chutnalo'# 1)
('mísce'# 1),jídlo,('navíc'# 1)
('definitivně'# 1),jídlo,('pořádně'# 1)
('filo'# 1),jídlo,('spis'# 1)
('jste'# 1),jídlo,('téměř'# 1)
('snad'# 1),jídlo,('tradičně'# 1)
('našlo.'# 1),jídlo,('více'# 1)
('znovu'# 1),jídlo,('nemají'# 1)
('slibovali'# 1),jídlo,('doporučit'# 1)
('pomalá'# 1),jídlo,('též#'# 1)
('unikátní#'# 1),jídlo,('připravovali'# 1)
('vzít'# 1),jídlo,('nestačí.tenhle'# 1)
('obsluhy#'# 1),jídlo,('udělá'# 1)
('přišli.'# 1),jídlo,('chutově'# 1)
('batát.'# 1),jídlo,('vzala'# 1)
('chování.'# 1),jídlo,('také#'# 1)
('minutky'# 1),jídlo,('risotto'# 1)
('konečně'# 1),jídlo,('řecký'# 1)
('pipsu.'# 1),jídlo,('protožeje'# 1)
('nahřáté#'# 1),jídlo,('vychutnám!'# 1)
('hodiny#'# 1),jídlo,('vždycky'# 1)
('kterékoliv'# 1),jídlo,('dostali#'# 1)
('připravil'# 1),jídlo,('taktéž'# 1)
('slušný#'# 1),jídlo,('!!!!!'# 1)
('překvapeni#'# 1),jídlo,('nikdy'# 1)
('pivnice'# 1),jídlo,('nenadchne'# 1)
('útulný.výborné'# 1),jídlo,('rádoby'# 1)
('olivy'# 1),jídlo,('vychutnali'# 1)
('!?)hlavní'# 1),jídlo,('velké'# 1)
('spropitné#'# 1),jídlo,('vizuálně'# 1)
('zkazilo'# 1),jídlo,('(bez'# 1)
('salátem.'# 1),jídlo,('vzhledem'# 1)
('námi#'# 1),jídlo,('víceméně'# 1)
('zabírat'# 1),jídlo,('máte'# 1)
('nebudu!'# 1),jídlo,('nemastné'# 1)
('akorát'# 1),jídlo,('rozdělené'# 1)
('doplnil'# 1),jídlo,('úžasný#'# 1)
('hluboké'# 1),jídlo,('vynikající.musím'# 1)
('jogurtem.'# 1),jídlo,('samo'# 1)
('jíst'# 1),jídlo,('stydět'# 1)
('nedaloveškeré'# 1),jídlo,('zajímavé'# 1)
('donesené'# 1),jídlo,('určite'# 1)
('objednala'# 1),jídlo,('úžasné#'# 1)
('čistá.'# 1),jídlo,('vyrazit'# 1)
('tvářící...'# 1),jídlo,('přesolené#'# 1)
('italská'# 1),jídlo,('většinou'# 1)
('stručně:-'# 1),jídlo,('mělo'# 1)
('hamburger'# 1),jídlo,('nestálo'# 1)
('vše.'# 1),jídlo,('dělaj'# 1)
('později).'# 1),jídlo,('pěkně'# 1)
('shrnul.'# 1),jídlo,('kolegové'# 1)
('chřest'# 1),jídlo,('účtovali'# 1)
('nemáme'# 1),jídlo,('1+.nalákáni'# 1)
('pozorná#'# 1),jídlo,('(zajímavě'# 1)
('baby'# 1),jídlo,('klasický'# 1)
('spolehnout#'# 1),jídlo,('kuře'# 1)
('rámech#'# 1),jídlo,('ryby'# 1)
('stížnosti'# 1),jídlo,('vysoké#'# 1)
('(ostatní'# 1),jídlo,('určitě'# 1)
('nejhorší'# 1),jídlo,('(asi'# 1)
('slanějšíhlavní'# 1),jídlo,('mírně'# 1)
('rychlá'# 1),jídlo,('tvarohovými'# 1)
('klidu'# 1),jídlo,('stroganov#'# 1)
('vychutnat'# 1),jídlo,('jednu'# 1)
('příjemná'# 33),obsluha,('byla'# 219)
('velmi'# 30),obsluha,('příjemná#'# 48)
('jídlo'# 29),obsluha,('velmi'# 42)
('prostředí'# 23),obsluha,('příjemná'# 38)
('byla'# 22),obsluha,('milá#'# 29)
('bylo'# 22),obsluha,('velice'# 18)
('opravdu'# 19),obsluha,('rychlá'# 18)
('dobré#'# 15),obsluha,('milá'# 17)
('příjemné#'# 14),obsluha,('naprosto'# 12)
('naprosto'# 13),obsluha,('pozorná#'# 11)
('bohužel'# 12),obsluha,('opravdu'# 10)
('jídlo#'# 12),obsluha,('celkem'# 9)
('milá'# 11),obsluha,('rychlá#'# 8)
('nás'# 11),obsluha,('dobrá#'# 6)
('restaurace'# 11),obsluha,('trošku'# 6)
('navíc'# 10),obsluha,('donesla'# 6)
('prostředí#'# 10),obsluha,('odpovídá'# 5)
('velice'# 9),obsluha,('nebyla'# 5)
('dost'# 9),obsluha,('působí'# 5)
('ovšem'# 8),obsluha,('která'# 5)
('výborné#'# 8),obsluha,('pozorná'# 5)
('skvělá'# 8),obsluha,('perfektní#'# 5)
('příjemná#'# 8),obsluha,('normální#'# 5)
('atmosféra'# 8),obsluha,('prijemna'# 5)
('vynikající'# 7),obsluha,('trochu'# 5)
('docela'# 7),obsluha,('ochotná'# 5)
('profesionální'# 7),obsluha,('profesionální'# 4)
('pití'# 7),obsluha,('ochotná#'# 4)
('dobře'# 7),obsluha,('pomalá'# 4)
('ochotná'# 7),obsluha,('přinesla'# 4)
('jidlo'# 7),obsluha,('profesionální#'# 4)
('příjemné'# 6),obsluha,('vždy'# 4)
('dobré'# 6),obsluha,('skvělá#'# 4)
('mi'# 6),obsluha,('vcelku'# 4)
('výborné'# 6),obsluha,('prijemna#'# 4)
('trochu'# 6),obsluha,('skvela#'# 4)
('nikdy'# 5),obsluha,('snaživá#'# 4)
('usměvavá'# 5),obsluha,('docela'# 3)
('rychlá'# 5),obsluha,('vůbec'# 3)
('pánská'# 5),obsluha,('zeptala#'# 3)
('káva'# 5),obsluha,('slušná#'# 3)
('chutné#'# 5),obsluha,('téměř'# 3)
('průměr#'# 5),obsluha,('přišla'# 3)
('přišla'# 5),obsluha,('pohotově'# 3)
('jinak'# 5),obsluha,('pořád'# 3)
('vynikající#'# 5),obsluha,('ochotně'# 3)
('úplně'# 4),obsluha,('průměrná#'# 3)
('pěkné#'# 4),obsluha,('lehce'# 3)
('hodně'# 4),obsluha,('skvělá'# 3)
('nekuřácká.'# 4),obsluha,('bohužel'# 3)
('vůbec'# 4),obsluha,('fajn#'# 3)
('jsem'# 4),obsluha,('působila'# 3)
('příjemně'# 4),obsluha,('všimla'# 2)
('celkem'# 4),obsluha,('stíhá'# 2)
('je'# 4),obsluha,('nevtíravá'# 2)
('dobrá#'# 4),obsluha,('stíhala'# 2)
('víno'# 4),obsluha,('jsou'# 2)
('super'# 4),obsluha,('vynikající#'# 2)
('pokud'# 4),obsluha,('tvrdila#'# 2)
('kvalitní'# 4),obsluha,('otresna#'# 2)
('pivo'# 4),obsluha,('neví'# 2)
('restaurace#'# 4),obsluha,('nestíhala'# 2)
('interiér#'# 4),obsluha,('nechá'# 2)
('chutnalo'# 4),obsluha,('nápomocná'# 2)
('výborná#'# 3),obsluha,('mile'# 2)
('super#'# 3),obsluha,('neochotná'# 2)
('ještě'# 3),obsluha,('chovala'# 2)
('toho#'# 3),obsluha,('spletla'# 2)
('dobré.'# 3),obsluha,('kmitala#'# 2)
('zrovna'# 3),obsluha,('ještě'# 2)
('tady'# 3),obsluha,('většinou'# 2)
('jidlo#'# 3),obsluha,('dobrá'# 2)
('víno#'# 3),obsluha,('reagovala'# 2)
('jsou'# 3),obsluha,('svižná#'# 2)
('nijak'# 3),obsluha,('nahoře'# 2)
('nicméně'# 3),obsluha,('nevtíravá#'# 2)
('které'# 3),obsluha,('výborná#'# 2)
('vždy'# 3),obsluha,('doporučila'# 2)
('brně.'# 3),obsluha,('pomalá#'# 2)
('atmosféru'# 3),obsluha,('pomala#'# 2)
('chvíli'# 3),obsluha,('porad'# 2)
('nabídka'# 3),obsluha,('neprijemna'# 2)
('starobrno'# 3),obsluha,('mila#'# 2)
('spíše'# 3),obsluha,('evidentně'# 2)
('restaurace.'# 3),obsluha,('chodila'# 2)
('mile'# 3),obsluha,('poměrně'# 2)
('přijemná'# 3),obsluha,('ničím'# 2)
('žádné'# 3),obsluha,('bude'# 2)
('nebyla'# 3),obsluha,('zdvořilá#'# 2)
('příchodu'# 3),obsluha,('odnesla'# 2)
('akorát'# 3),obsluha,('pohotová#'# 2)
('jsme'# 3),obsluha,('neochotná#'# 2)
('moc.'# 3),obsluha,('usměvavá'# 2)
('brně'# 3),obsluha,('není'# 2)
('žádná'# 3),obsluha,('taktéž'# 2)
('slušné'# 3),obsluha,('mohla'# 2)
('vynikající.'# 3),obsluha,('nepříjemná'# 2)
('pouze'# 3),obsluha,('zvládala'# 2)
('kuchyně'# 3),obsluha,('fajn'# 2)
('posezení#'# 3),obsluha,('zmatená'# 2)
('vážně'# 3),obsluha,('také#'# 2)
('skvělé'# 3),obsluha,('pohotová'# 2)
('poslední'# 3),obsluha,('rychla#'# 2)
('chutné'# 3),obsluha,('restaurace'# 2)
('porce#'# 3),obsluha,('trvala'# 1)
('vždycky'# 3),obsluha,('kmitá#'# 1)
('snad'# 3),obsluha,('ujímá'# 1)
('bohuzel'# 3),obsluha,('téžděkujiitalský'# 1)
('milá#'# 2),obsluha,('došla'# 1)
('normální#'# 2),obsluha,('zapomněla'# 1)
('restaurant'# 2),obsluha,('perfektní.restaurace'# 1)
('ryze'# 2),obsluha,('kompenzuje'# 1)
('mužská'# 2),obsluha,('úžasná#'# 1)
('mě'# 2),obsluha,('(česká'# 1)
('standartní#'# 2),obsluha,('standartní#'# 1)
('prázdný'# 2),obsluha,('příjemné#'# 1)
('ho'# 2),obsluha,('rychlá.po'# 1)
('letní'# 2),obsluha,('hýří'# 1)
('jednočlenná'# 2),obsluha,('příjhemná#'# 1)
('určitě'# 2),obsluha,('pracuje'# 1)
('zvyknout.'# 2),obsluha,('vynechala'# 1)
('nekuřácké'# 2),obsluha,('namarkuje'# 1)
('příjemné.'# 2),obsluha,('vyzvala'# 1)
('svého'# 2),obsluha,('neví#'# 1)
('zahrádce.'# 2),obsluha,('uctivá'# 1)
('plně'# 2),obsluha,('(starsi'# 1)
('dobrý.'# 2),obsluha,('neustále'# 1)
('silné'# 2),obsluha,('uvolněná#'# 1)
('tím#'# 2),obsluha,('selhává'# 1)
('potom'# 2),obsluha,('snaživá.nelze'# 1)
('byly'# 2),obsluha,('opomněla'# 1)
('nové'# 2),obsluha,('vybídla'# 1)
('vám'# 2),obsluha,('vzhledem'# 1)
('naše'# 2),obsluha,('takto'# 1)
('celkový'# 2),obsluha,('stylově'# 1)
('steak'# 2),obsluha,('jedna'# 1)
('perfektní'# 2),obsluha,('kdyby'# 1)
('servis#'# 2),obsluha,('přidala'# 1)
('pořádku#'# 2),obsluha,('dosažitelnější'# 1)
('chuť'# 2),obsluha,('bezproblémová#pěkný'# 1)
('dětský'# 2),obsluha,('značně'# 1)
('jelikož'# 2),obsluha,('vysvětlila#že'# 1)
('jej'# 2),obsluha,('taky#'# 1)
('sebe.'# 2),obsluha,('propracovala'# 1)
('obsluha#'# 2),obsluha,('vpořádku#'# 1)
('průměrné'# 2),obsluha,('zvládá'# 1)
('skvělý'# 2),obsluha,('snažila#'# 1)
('free'# 2),obsluha,('příjemnými'# 1)
('není'# 2),obsluha,('nikde#'# 1)
('sníst'# 2),obsluha,('mluvila'# 1)
('večer'# 2),obsluha,('dobrá.příjemný'# 1)
('nepřeplácané#'# 2),obsluha,('toho'# 1)
('věcí'# 2),obsluha,('věnuje'# 1)
('chutné.'# 2),obsluha,('normální'# 1)
('fajn#'# 2),obsluha,('zaslechla#jelikož'# 1)
('špatné#'# 2),obsluha,('pokrčila'# 1)
('podtrženo#'# 2),obsluha,('znalá'# 1)
('vynikajicí'# 2),obsluha,('dobrá.indové'# 1)
('pěkná#'# 2),obsluha,('skvělá.vyrazili'# 1)
('plno#'# 2),obsluha,('ok.byli'# 1)
('lépe.'# 2),obsluha,('standardně'# 1)
('zaplněná#'# 2),obsluha,('nevzpamatuje#'# 1)
('opět'# 2),obsluha,('servírovala'# 1)
('doporučit.'# 2),obsluha,('dorazila'# 1)
('všimla'# 2),obsluha,('pozorná.prostředí'# 1)
('chutnalo#'# 2),obsluha,('měla'# 1)
('útulné#'# 2),obsluha,('katastrofa!'# 1)
('nebyl'# 2),obsluha,('změnit'# 1)
('problém#'# 2),obsluha,('skvělá.restaurace'# 1)
('úrovni#'# 2),obsluha,('sympatická#'# 1)
('starobrno#'# 2),obsluha,('(stanley)'# 1)
('bezchybná'# 2),obsluha,('potom'# 1)
('kč.'# 2),obsluha,('nasilne'# 1)
('limonáda'# 2),obsluha,('relativně'# 1)
('standardní'# 2),obsluha,('musí'# 1)
('moje'# 2),obsluha,('výborná.....zahrádka'# 1)
('skvěle#'# 2),obsluha,('tentokrát'# 1)
('poměrně'# 2),obsluha,('prokládající'# 1)
('buă„âź'# 2),obsluha,('příjemnáa'# 1)
('stranu'# 2),obsluha,('rekla'# 1)
('záchody'# 2),obsluha,('vrati'# 1)
('svižná'# 2),obsluha,('trpělivě'# 1)
('čistý'# 2),obsluha,('nepatřila'# 1)
('dobře.'# 2),obsluha,('sympatická.jen'# 1)
('omáčka.'# 2),obsluha,('nevšímá'# 1)
('jen'# 2),obsluha,('sympatická'# 1)
('interier#'# 2),obsluha,('uráčila'# 1)
('normální.'# 2),obsluha,('vynikajůca#'# 1)
('lépe'# 2),obsluha,('vynikající(ujala'# 1)
('minutach'# 2),obsluha,('atd.měly'# 1)
('skoro'# 2),obsluha,('byla#'# 1)
('kdyby'# 2),obsluha,('neprošla'# 1)
('vyborna#'# 2),obsluha,('příjemná.příjemná'# 1)
('tolik'# 2),obsluha,('svižná'# 1)
('prostredi#'# 2),obsluha,('zeptat'# 1)
('spokojeni#'# 2),obsluha,('vstřícná#'# 1)
('pizza#'# 2),obsluha,('mnohdy'# 1)
('nebyla.'# 2),obsluha,('dorazí'# 1)
('byli'# 2),obsluha,('aspon'# 1)
('jedno'# 2),obsluha,('totalne'# 1)
('měla'# 2),obsluha,('řekla#'# 1)
('přesto'# 2),obsluha,('sráží'# 1)
('krásně'# 2),obsluha,('upovídaná'# 1)
('hlavně'# 2),obsluha,('hbitě'# 1)
('chuti.'# 2),obsluha,('neformální#'# 1)
('nebylo'# 2),obsluha,('donese'# 1)
('skvěle'# 2),obsluha,('postavila'# 1)
('ceny#'# 2),obsluha,('dokázala'# 1)
('dost.'# 2),obsluha,('(zřejmě'# 1)
('návštěvy'# 2),obsluha,('zjevně'# 1)
('ideální'# 2),obsluha,('převzala'# 1)
('nevadilo.'# 2),obsluha,('stánku'# 1)
('schopná'# 2),obsluha,('perfektně'# 1)
('poté'# 2),obsluha,('děvčata#'# 1)
('cena'# 2),obsluha,('mladá#'# 1)
('sushi'# 2),obsluha,('věnovat'# 1)
('člověka'# 2),obsluha,('zapsala#'# 1)
('nechali'# 2),obsluha,('příjemnější#'# 1)
('prijemna'# 2),obsluha,('černošská#'# 1)
('závěr'# 2),obsluha,('uhoněná#'# 1)
('protivná'# 2),obsluha,('veselá'# 1)
('dobrá'# 2),obsluha,('neschopna#'# 1)
('smažený'# 2),obsluha,('profesionalni#'# 1)
('restauraci#'# 2),obsluha,('neni'# 1)
('restauraci.'# 2),obsluha,('(ong?)'# 1)
('standartní'# 2),obsluha,('mela'# 1)
('jakmile'# 2),obsluha,('neměly'# 1)
('nepříjemná'# 2),obsluha,('ovšem'# 1)
('pozdní'# 2),obsluha,('absolutně'# 1)
('pohodě.'# 2),obsluha,('bystrá'# 1)
('nehraje.'# 2),obsluha,('otřesná'# 1)
('ochotně'# 2),obsluha,('věkem'# 1)
('říct#'# 2),obsluha,('nezeptala#'# 1)
('prijemne'# 2),obsluha,('výborná.k'# 1)
('fantazie.'# 2),obsluha,('(příjemná#'# 1)
('všechno'# 2),obsluha,('usadila'# 1)
('rychla'# 2),obsluha,('(markétka?)#'# 1)
('nápoje'# 2),obsluha,('nevsimala'# 1)
('taky#'# 2),obsluha,('(pan'# 1)
('fakt'# 2),obsluha,('mluví'# 1)
('reklamaci'# 2),obsluha,('vánoční'# 1)
('profesionální#'# 1),obsluha,('klasicky'# 1)
('pozorná#'# 1),obsluha,('pomala'# 1)
('arogantný#'# 1),obsluha,('středeční'# 1)
('nabízí'# 1),obsluha,('perfektni#'# 1)
('vína#'# 1),obsluha,('nechala'# 1)
('nápadu.'# 1),obsluha,('ktera'# 1)
('moderní'# 1),obsluha,('vypadala'# 1)
('nejlepší'# 1),obsluha,('nabídne'# 1)
('designérský'# 1),obsluha,('chybu'# 1)
('kulečníkovou'# 1),obsluha,('chodí'# 1)
('příjemný#'# 1),obsluha,('průměrná#záleží'# 1)
('patro'# 1),obsluha,('mysli'# 1)
('rybářské'# 1),obsluha,('postara'# 1)
('patře'# 1),obsluha,('povětšinou'# 1)
('nepůsobí'# 1),obsluha,('obtěžuje'# 1)
('vhodnější'# 1),obsluha,('nezachrání'# 1)
('průměrným'# 1),obsluha,('vzdy'# 1)
('smíšená'# 1),obsluha,('arogantný#'# 1)
('úvod:'# 1),obsluha,('tradicne'# 1)
('tak#'# 1),obsluha,('pomalááááááááá#'# 1)
('variabilitou'# 1),obsluha,('(vrchní'# 1)
('hodiny.'# 1),obsluha,('pustí'# 1)
('nekoná.'# 1),obsluha,('?velmi'# 1)
('první'# 1),obsluha,('chtěla'# 1)
('celém'# 1),obsluha,('byli'# 1)
('modely'# 1),obsluha,('nebola'# 1)
('vody'# 1),obsluha,('bere'# 1)
('stůl'# 1),obsluha,('(jedna'# 1)
('slušně'# 1),obsluha,('zasluhujici'# 1)
('zdrojů'# 1),obsluha,('občas'# 1)
('plzen'# 1),obsluha,('dojem'# 1)
('přinesení'# 1),obsluha,('korektní#'# 1)
('speciality'# 1),obsluha,('příšerná#'# 1)
('všeho'# 1),obsluha,('špatná#'# 1)
('dobrého:'# 1),obsluha,('dnes'# 1)
('potřeba#'# 1),obsluha,('nepoděkuje#'# 1)
('zkažené'# 1),obsluha,('snaživá'# 1)
('mírně'# 1),obsluha,('velimi'# 1)
('stalo#'# 1),obsluha,('dotčená'# 1)
('nádherné#'# 1),obsluha,('profi#'# 1)
('kategorie'# 1),obsluha,('neskončila'# 1)
('okna.'# 1),obsluha,('myslím'# 1)
('žvýkačky.'# 1),obsluha,('přesná#'# 1)
('kouření.'# 1),obsluha,('protivná#'# 1)
('blokována'# 1),obsluha,('nestojí'# 1)
('svých'# 1),obsluha,('fyzicky'# 1)
('podstatě'# 1),obsluha,('decentní'# 1)
('namistrovaná'# 1),obsluha,('naše'# 1)
('vybavena'# 1),obsluha,('všímavá'# 1)
('portské'# 1),obsluha,('akční#'# 1)
(':-)prostředí'# 1),obsluha,('neutraldo'# 1)
('zeleniny#'# 1),obsluha,('obstojná'# 1)
('stěnu'# 1),obsluha,('všímavá#'# 1)
('schované'# 1),obsluha,('dokáže'# 1)
('nekuřácký.'# 1),obsluha,('(dva'# 1)
('oldies'# 1),obsluha,('(aspoň'# 1)
('makrela.'# 1),obsluha,('nezaučená#'# 1)
('chybičky.'# 1),obsluha,('tradičně'# 1)
('design'# 1),obsluha,('vesele'# 1)
('mělo'# 1),obsluha,('splete'# 1)
('upravený#'# 1),obsluha,('překvapila'# 1)
('scházíme'# 1),obsluha,('vzorná'# 1)
('postupně#'# 1),obsluha,('(radši'# 1)
('výhradně'# 1),obsluha,('přijmná#'# 1)
('hlučná.'# 1),obsluha,('(stále'# 1)
('výtvarná'# 1),obsluha,('pohotová.popravdě'# 1)
('stěn.'# 1),obsluha,('nemá'# 1)
('mrzí#'# 1),obsluha,('vázla.teă„âź'# 1)
('podávala'# 1),obsluha,('profesionálníostatní:'# 1)
('italské.'# 1),obsluha,('neprofesionální'# 1)
('obsáhlého'# 1),obsluha,('nabízí'# 1)
('rodinnou'# 1),obsluha,('(pán'# 1)
('nezapomněla#'# 1),obsluha,('profi'# 1)
('onde.'# 1),obsluha,('bleskově'# 1)
('dona'# 1),obsluha,('správně'# 1)
('sterilně.'# 1),obsluha,('snad'# 1)
('města'# 1),obsluha,('jeden'# 1)
('přijatelnou'# 1),obsluha,('vstřícná.pití'# 1)
('dětskými'# 1),obsluha,('zpočátku'# 1)
('skrytého'# 1),obsluha,('obsluhující'# 1)
('petrolejových'# 1),obsluha,('dala'# 1)
('dodán'# 1),obsluha,('informovala'# 1)
('cézar#'# 1),obsluha,('chaotická#'# 1)
('celá'# 1),obsluha,('výborná'# 1)
('nový'# 1),obsluha,('místo'# 1)
('talíře.'# 1),obsluha,('provedla'# 1)
('účtování'# 1),obsluha,('(pod)průměrná'# 1)
('rychlý'# 1),obsluha,('fantastická#'# 1)
('hrála'# 1),obsluha,('pochopila'# 1)
('kompletně'# 1),obsluha,('rychlá#pivo'# 1)
('výzdobu'# 1),obsluha,('hrozná#již'# 1)
('nefunkční'# 1),obsluha,('potřebovala'# 1)
('přijatelných'# 1),obsluha,('tady'# 1)
('absurdna.'# 1),obsluha,('komentovala'# 1)
('opěradlech.'# 1),obsluha,('chce'# 1)
('vůbec.'# 1),obsluha,('výjimečně'# 1)
(':-)'# 1),obsluha,('bavorské'# 1)
('gastronomických'# 1),obsluha,('příjemně'# 1)
('menu#'# 1),obsluha,('dotazem'# 1)
('poctivá.'# 1),obsluha,('plně'# 1)
('kuchyni.'# 1),obsluha,('optalal'# 1)
('minule.'# 1),obsluha,('normální.když'# 1)
('přívětivě'# 1),obsluha,('zklamala'# 1)
('zklamal'# 1),obsluha,('taková'# 1)
('anglicky'# 1),obsluha,('taktez'# 1)
('lososa.'# 1),obsluha,('mimořádně'# 1)
('odstrašujícím'# 1),obsluha,('ignorovala'# 1)
('vinná'# 1),obsluha,('neutrální'# 1)
('stropních'# 1),obsluha,('někdy'# 1)
('druhého'# 1),obsluha,('chtela'# 1)
('mola.'# 1),obsluha,('odpověděla'# 1)
('uvítala'# 1),obsluha,('valice'# 1)
('zamestnavateli-'# 1),obsluha,('osobně'# 1)
('dyska'# 1),obsluha,('milá.restaurace'# 1)
('pěší'# 1),obsluha,('odmítla'# 1)
('dlouhodobého'# 1),obsluha,('vynikajici#'# 1)
('mohutnými'# 1),obsluha,('prumerna#'# 1)
('hezké'# 1),obsluha,('připomínala'# 1)
('hodnotit'# 1),obsluha,('prvotřídní:'# 1)
('nadšená!!'# 1),obsluha,('ujala'# 1)
('přičemž'# 1),obsluha,('sdělit#'# 1)
('odpoledne#'# 1),obsluha,(':o)))'# 1)
('!!!!atmosféra'# 1),obsluha,('(lehce'# 1)
('báječná#'# 1),obsluha,('pozorna#'# 1)
('team'# 1),obsluha,('(nektera)'# 1)
('ohledu'# 1),obsluha,('snaziva'# 1)
('italských'# 1),obsluha,('nakonec'# 1)
('moderní#'# 1),obsluha,('neprofesionální#hodící'# 1)
('vodu'# 1),obsluha,('vzorná#'# 1)
('kovbojskou'# 1),obsluha,('jakoby'# 1)
('předchozí'# 1),obsluha,('podivná:'# 1)
('doporučila'# 1),obsluha,('začne'# 1)
('kterému'# 1),obsluha,('mne#'# 1)
('omáčkou'# 1),obsluha,('popletla'# 1)
('citronovým'# 1),obsluha,('zeptala'# 1)
('komorního'# 1),obsluha,('neřekne'# 1)
('zvolila'# 1),obsluha,('vstřícná'# 1)
('čepují'# 1),obsluha,('nedonese'# 1)
('skutečně'# 1),obsluha,('pozorna'# 1)
('celou'# 1),obsluha,('mírně'# 1)
('velký'# 1),obsluha,('nezeptala'# 1)
('sedícího'# 1),obsluha,('ptala'# 1)
('mých'# 1),obsluha,('přesně'# 1)
('citlivější'# 1),obsluha,('vynikající'# 1)
('jejich'# 1),obsluha,('amaterska'# 1)
('obsahu#'# 1),obsluha,('mila'# 1)
('být'# 1),obsluha,('prinese'# 1)
('pěkně#'# 1),obsluha,('nezabodovala#'# 1)
('kontinuálně'# 1),obsluha,('vytecna'# 1)
('první.'# 1),obsluha,('vlezlá#'# 1)
('servírovaní'# 1),obsluha,('(zapomněla'# 1)
('polévky#'# 1),obsluha,('presto'# 1)
('vstřícná'# 1),obsluha,('nepříjemná#'# 1)
('okénka#'# 1),obsluha,('zmatená#'# 1)
('trámoví#'# 1),obsluha,('většinu'# 1)
('konečně'# 1),obsluha,('stíhala.jídlo'# 1)
('20min).ovšem'# 1),obsluha,('příjemná..........oschlá'# 1)
('minule'# 1),obsluha,('bylaâ´jako'# 1)
('změnil#'# 1),obsluha,('pustila'# 1)
('resta'# 1),obsluha,('usluzne'# 1)
('minut#'# 1),obsluha,('privetiva'# 1)
('rezervace.'# 1),obsluha,('(barmanka#'# 1)
('rozmačkané'# 1),obsluha,('žádnej'# 1)
('brambory#nám'# 1),obsluha,('zapoměla'# 1)
('pořád'# 1),obsluha,('ok.po'# 1)
('opuštění'# 1),obsluha,('zvýšila'# 1)
('slušného'# 1),obsluha,('(dvě'# 1)
('budu'# 1),obsluha,('příjemná.musím'# 1)
('studené#'# 1),obsluha,('super#'# 1)
('květů'# 1),obsluha,('kvalitne'# 1)
('harmonickým'# 1),obsluha,('vsimava#'# 1)
('krásná'# 1),obsluha,('usmevava#'# 1)
('sklenice!'# 1),obsluha,('autentická'# 1)
('blesková'# 1),obsluha,('vyborna#'# 1)
('kuchařem#'# 1),obsluha,('kupodivu'# 1)
('jednoslečnová'# 1),obsluha,('dokonalá'# 1)
('skvělé#'# 1),obsluha,('fádní#'# 1)
('obsazena#'# 1),obsluha,('nedá'# 1)
('reprodukovaná'# 1),obsluha,('zvládla'# 1)
('80.let.'# 1),obsluha,('nereagovala'# 1)
('vybrat'# 1),obsluha,('úslužná#'# 1)
('umělecké'# 1),obsluha,('dřív#'# 1)
('zapomenut.'# 1),obsluha,('poradí'# 1)
('stolech.'# 1),obsluha,('příjemná.otevírací'# 1)
('minulých'# 1),obsluha,('ráda'# 1)
('hostech#'# 1),obsluha,('pozorností'# 1)
('kavárna'# 1),obsluha,('přiměřená#'# 1)
('chytrá'# 1),obsluha,('chvílemi'# 1)
('večera'# 1),obsluha,('nevymenila'# 1)
('příjemný.'# 1),obsluha,('upřímně'# 1)
('ok#'# 1),obsluha,('trosku'# 1)
('polední'# 1),obsluha,('otevřela'# 1)
('nepříjemná.'# 1),obsluha,('jinak'# 1)
('dojmu'# 1),obsluha,('voni'# 1)
('příští'# 1),obsluha,('(přestože'# 1)
('pamatuje.'# 1),obsluha,('neskutečná'# 1)
('máme'# 1),obsluha,('přýjemná...posezení'# 1)
('kterého'# 1),obsluha,('pravda'# 1)
('špatná'# 1),obsluha,('vysvětlí#'# 1)
('špatně'# 1),obsluha,('taktéž.nabídka'# 1)
('podniku'# 1),obsluha,('dolévala'# 1)
('místními'# 1),obsluha,('příjemná.chcete'# 1)
('duše#'# 1),obsluha,('vypadala#'# 1)
('vlastní'# 1),obsluha,('považovala'# 1)
('oběd.'# 1),obsluha,('otráveně'# 1)
('jiného.'# 1),obsluha,('nevtirava#'# 1)
('špinavé'# 1),obsluha,('vázne#'# 1)
('sklenici#'# 1),obsluha,('příjemná.mají'# 1)
('restaurace#což'# 1),obsluha,('profesionální.všem'# 1)
('nejspíše'# 1),obsluha,('katastrofálný!!!!'# 1)
('příjemná.'# 1),obsluha,('přátelská'# 1)
('tvrdé.'# 1),obsluha,('opět'# 1)
('koupaliště.'# 1),obsluha,('průměr.celkem'# 1)
('vlastního'# 1),obsluha,('rychla'# 1)
('rozebírat'# 1),obsluha,('spojená'# 1)
('název#'# 1),obsluha,('(objednávka'# 1)
('kuřecí#'# 1),obsluha,('vytvářela'# 1)
('stísněně.'# 1),obsluha,('ok.jidlo'# 1)
('prospělo.'# 1),obsluha,('stále'# 1)
('blízkaă˘â€âś.'# 1),obsluha,('vždycky'# 1)
('dvora#'# 1),obsluha,('celkově'# 1)
('dobu'# 1),obsluha,('čepuje'# 1)
('věci.'# 1),obsluha,('ztratila'# 1)
('doma'# 1),obsluha,('zlepšila'# 1)
('nějakou'# 1),obsluha,('pozor!'# 1)
('káva#'# 1),obsluha,('silně'# 1)
('odpoledne'# 1),obsluha,('zkušená#'# 1)
('celý'# 1),obsluha,('příjemná.staročeská'# 1)
('nevolala'# 1),obsluha,('vzbuzující'# 1)
('pochutnali'# 1),obsluha,('suchá'# 1)
('prostředí'# 24),restaurace,('byla'# 52)
('byla'# 23),restaurace,('jsem'# 32)
('interiér'# 22),restaurace,('jsme'# 29)
('návštěva'# 20),restaurace,('chodím'# 19)
('dojem'# 16),restaurace,('chodíme'# 13)
('obsluha'# 11),restaurace,('není'# 12)
('celá'# 11),restaurace,('plná#'# 8)
('příchodu'# 11),restaurace,('velmi'# 7)
('části'# 11),restaurace,('opravdu'# 6)
('opravdu'# 10),restaurace,('nebyla'# 6)
('jsme'# 8),restaurace,('nemá'# 6)
('velmi'# 8),restaurace,('jsou'# 5)
('vstupu'# 8),restaurace,('nabízí'# 5)
('hodnocení'# 7),restaurace,('ničím'# 5)
('dobrá'# 7),restaurace,('velice'# 5)
('je'# 7),restaurace,('docela'# 4)
('návštěvě'# 7),restaurace,('bude'# 4)
('otevřená'# 7),restaurace,('zcela'# 4)
('příjemná'# 7),restaurace,('poloprázdná'# 4)
('jídlo'# 6),restaurace,('vypadá'# 4)
('návštěvu'# 6),restaurace,('ovšem'# 3)
('atmosféra'# 6),restaurace,('působí'# 3)
('další'# 5),restaurace,('hotelu'# 3)
('část'# 5),restaurace,('zřejmě'# 3)
('výletní'# 5),restaurace,('nekuřácká#'# 3)
('velice'# 5),restaurace,('baroko'# 3)
('bude'# 5),restaurace,('budu'# 3)
('naprosto'# 5),restaurace,('rozhodně'# 3)
('první'# 5),restaurace,('spíš'# 3)
('skvělá'# 5),restaurace,('havana'# 3)
('hlavní'# 5),restaurace,('patří'# 3)
('jediná'# 5),restaurace,('plná'# 3)
('nové'# 5),restaurace,('která'# 3)
('dobré'# 4),restaurace,('mírně'# 2)
('celkový'# 4),restaurace,('chodim'# 2)
('rádi'# 4),restaurace,('snad'# 2)
('průměrná'# 4),restaurace,('opět'# 2)
('celkově'# 4),restaurace,('prázdná'# 2)
('přestože'# 4),restaurace,('teprve'# 2)
('vstup'# 4),restaurace,('plně'# 2)
('rozhodně'# 4),restaurace,('téměř'# 2)
('výborná'# 4),restaurace,('působil'# 2)
('italská'# 4),restaurace,('hodnotím'# 2)
('návštěvy'# 4),restaurace,('bylo'# 2)
('večer'# 4),restaurace,('nebyl'# 2)
('kdysi'# 4),restaurace,('nemůže'# 2)
('příjemné'# 4),restaurace,('leonessa'# 2)
('návštěvou'# 4),restaurace,('kaskáda'# 2)
('celé'# 4),restaurace,('kterou'# 2)
('indické'# 4),restaurace,('sunset'# 2)
('super'# 4),restaurace,('thalie'# 2)
('pěkná'# 4),restaurace,('nijak'# 2)
('nová'# 4),restaurace,('typu'# 2)
('lepší'# 4),restaurace,('goa#'# 2)
('typu'# 4),restaurace,('hodně'# 2)
('vlastní'# 3),restaurace,('stojí'# 2)
('koncept'# 3),restaurace,('obsluha'# 2)
('mě'# 3),restaurace,('zela'# 2)
('fakt#'# 3),restaurace,('trošku'# 2)
('výzdoba'# 3),restaurace,('prezentuje'# 2)
('ovšem'# 3),restaurace,('kvůli'# 2)
('mi'# 3),restaurace,('skoro'# 2)
('stránkách'# 3),restaurace,('špatně'# 2)
('prostory'# 3),restaurace,('porta'# 2)
('případě'# 3),restaurace,('stále'# 2)
('španělské'# 3),restaurace,('vypada'# 2)
('žádná'# 3),restaurace,('zaplněná'# 2)
('úroveň'# 3),restaurace,('chodime'# 2)
('personál'# 3),restaurace,('mohu'# 2)
('personálu'# 3),restaurace,('bývala'# 2)
('krásná'# 3),restaurace,('poloprázdná#'# 2)
('majitel'# 3),restaurace,('probíhala'# 2)
('jsem'# 3),restaurace,('africana'# 2)
('plné'# 3),restaurace,('urcite'# 2)
('pohled'# 3),restaurace,('havana#za'# 2)
('není'# 3),restaurace,('napomohlo'# 1)
('jelikož'# 3),restaurace,('montenegro'# 1)
('takové'# 3),restaurace,('chovat'# 1)
('zajímavá'# 3),restaurace,('nenajeden#'# 1)
('atmosféru'# 3),restaurace,('podobného'# 1)
('typ'# 3),restaurace,('odvolán'# 1)
('otevřené'# 3),restaurace,('vhodnou'# 1)
('hodnocením'# 3),restaurace,('pozitivní'# 1)
('normální'# 3),restaurace,('chodit'# 1)
('nejlepší'# 3),restaurace,('kupé'# 1)
('řecká'# 3),restaurace,('pojmenovaná'# 1)
('interier'# 3),restaurace,('zvané'# 1)
('celkové'# 3),restaurace,('gambrinus'# 1)
('dobra'# 3),restaurace,('monă˘me'# 1)
('jedina'# 3),restaurace,('nachází#'# 1)
('charakter'# 2),restaurace,('sherwood.čistá'# 1)
('dobré#'# 2),restaurace,('pravidelně'# 1)
('patří'# 2),restaurace,('bavorská'# 1)
('má'# 2),restaurace,('zase'# 1)
('dobré.'# 2),restaurace,('příjemné#'# 1)
('nějaké'# 2),restaurace,('specializuje'# 1)
('cela'# 2),restaurace,('těsně'# 1)
('hotelová'# 2),restaurace,('zašli'# 1)
('kterými'# 2),restaurace,('ještě'# 1)
('navíc'# 2),restaurace,('ukrytý'# 1)
('původní'# 2),restaurace,('union'# 1)
('rád#'# 2),restaurace,('espaňola'# 1)
('zařazení'# 2),restaurace,('funguje'# 1)
('italské'# 2),restaurace,('pěkná#'# 1)
('bývalá'# 2),restaurace,('(hodnotím'# 1)
('poledne'# 2),restaurace,('nekonečno'# 1)
('stránkou'# 2),restaurace,('naplnila'# 1)
('uvnitř'# 2),restaurace,('pojede'# 1)
('stůl#'# 2),restaurace,('chodívával'# 1)
('oběd#'# 2),restaurace,('pellegrini'# 1)
('kvůli'# 2),restaurace,('návštěva'# 1)
('člověk'# 2),restaurace,('něčím'# 1)
('prijemna'# 2),restaurace,('určitě'# 1)
('webových'# 2),restaurace,('absolutně'# 1)
('majitelům'# 2),restaurace,('racek'# 1)
('problémem'# 2),restaurace,('fajn#'# 1)
('kterou'# 2),restaurace,('skončila#'# 1)
('odchodu'# 2),restaurace,('prázdná#'# 1)
('příjemné#'# 2),restaurace,('nikdy'# 1)
('docela'# 2),restaurace,('zamerena'# 1)
('líbí'# 2),restaurace,('přestěhovaná'# 1)
('pondělí'# 2),restaurace,('pokud'# 1)
('jídelním'# 2),restaurace,('jakoby'# 1)
('stylové'# 2),restaurace,('honosí'# 1)
('tyhle'# 2),restaurace,('nezabránilo'# 1)
('názvu'# 2),restaurace,('butcher´s'# 1)
('vedení'# 2),restaurace,('paladeo'# 1)
('nekuřácké'# 2),restaurace,('víceméně'# 1)
('oblíbené'# 2),restaurace,('pořádat...polední'# 1)
('versus'# 2),restaurace,('bohužel'# 1)
('vzhled'# 2),restaurace,('stejného'# 1)
('tohoto'# 2),restaurace,('central'# 1)
('chápu#'# 2),restaurace,('nebudete'# 1)
('horní'# 2),restaurace,('zabita'# 1)
('stylová'# 2),restaurace,('body'# 1)
('vytknout#'# 2),restaurace,('těží'# 1)
('perfektní#'# 2),restaurace,('zaměřený'# 1)
('osobně'# 2),restaurace,('stolovat).od'# 1)
('indická'# 2),restaurace,('vybrána'# 1)
('prichodu'# 2),restaurace,('připrovnal'# 1)
('týče'# 2),restaurace,('dělá'# 1)
('navstevy'# 2),restaurace,('dojem#'# 1)
('kategorie'# 2),restaurace,('očekává'# 1)
('prázdné'# 2),restaurace,('potřebovala'# 1)
('škoda#'# 2),restaurace,('mezinárodního'# 1)
('bohužel'# 2),restaurace,('zavolala'# 1)
('pořádná'# 2),restaurace,('musel'# 1)
('vypadající'# 2),restaurace,('míří'# 1)
('nevím#'# 2),restaurace,('jistotou#'# 1)
('volba'# 2),restaurace,('nezávidím#'# 1)
('každé'# 2),restaurace,('přeci'# 1)
('styl'# 2),restaurace,('příjemně'# 1)
('pocit'# 2),restaurace,('tulip'# 1)
('večer#'# 2),restaurace,('nepatří'# 1)
('brněnská'# 2),restaurace,('každý'# 1)
('předražená'# 2),restaurace,('valoria'# 1)
('oblíbená'# 2),restaurace,('úplně'# 1)
('předtím'# 2),restaurace,('klimatizována#'# 1)
('hosty'# 2),restaurace,('trochu'# 1)
('recenze'# 2),restaurace,('slibovali'# 1)
('moderní'# 2),restaurace,('zavítala'# 1)
('určitě'# 2),restaurace,('mohly'# 1)
('jakoby'# 2),restaurace,('vydržela'# 1)
('vyhlášená'# 2),restaurace,('odpočinout#'# 1)
('štítu'# 2),restaurace,('objektivně'# 1)
('solidní'# 2),restaurace,('neodcházela'# 1)
('okolí'# 2),restaurace,('nejspíš'# 1)
('pěkně'# 2),restaurace,('nemůže.v'# 1)
('hezká'# 2),restaurace,('pomohl'# 1)
('bavorské'# 2),restaurace,('průměrně'# 1)
('kolektivu'# 2),restaurace,('velké'# 1)
('zadní'# 2),restaurace,('využívaná'# 1)
('výběrem'# 2),restaurace,('(pokud'# 1)
('prostredi'# 2),restaurace,('tolik'# 1)
('doporučit.'# 2),restaurace,('nefunguje'# 1)
('výběru'# 2),restaurace,('zlákat'# 1)
('útulná'# 2),restaurace,('samozrejme'# 1)
('čínské'# 2),restaurace,('propadák#'# 1)
('řešená'# 2),restaurace,('nebeský'# 1)
('všechny'# 2),restaurace,('obchodního'# 1)
('vybavení'# 2),restaurace,('zítra'# 1)
('nikdy'# 2),restaurace,('maximálně'# 1)
('provozováním'# 2),restaurace,('dokáže'# 1)
('takovéto'# 2),restaurace,('neměla'# 1)
('celemu'# 2),restaurace,('svýhledem'# 1)
('interiéru'# 2),restaurace,('zející'# 1)
('bezva'# 1),restaurace,('nedělá.zůčastnili'# 1)
('kavárenském'# 1),restaurace,('rubín#'# 1)
('předchůdkyně.návštěvou'# 1),restaurace,('mívám'# 1)
('návštěv'# 1),restaurace,('ukrytá'# 1)
('masa'# 1),restaurace,('chodíváme'# 1)
('sklepní'# 1),restaurace,('betlém'# 1)
('odcházet'# 1),restaurace,('vzbuzuje'# 1)
('přijdem'# 1),restaurace,('vzdy'# 1)
('skvělé'# 1),restaurace,('uctuje'# 1)
('společného'# 1),restaurace,('laguna#'# 1)
('barev#'# 1),restaurace,('rialto'# 1)
('zítra.'# 1),restaurace,('(včetně'# 1)
('celý'# 1),restaurace,('(jeden'# 1)
('nichž'# 1),restaurace,('svoje'# 1)
('výhrad.'# 1),restaurace,('vracet.dobrá'# 1)
('pozitivní'# 1),restaurace,('dostali'# 1)
('chodit'# 1),restaurace,('bývá'# 1)
('vrátíme.'# 1),restaurace,('nechodíme'# 1)
('vegetariánská'# 1),restaurace,('green'# 1)
('josef'# 1),restaurace,('(hotelu)'# 1)
('dětmi.'# 1),restaurace,('este'# 1)
('bodové'# 1),restaurace,('levna#'# 1)
('míň.bárka'# 1),restaurace,('ztratila'# 1)
('standartní#'# 1),restaurace,('držet#'# 1)
('super.zámecká'# 1),restaurace,('vracet'# 1)
('přízemí'# 1),restaurace,('natříská'# 1)
('hodnocené'# 1),restaurace,('zhorsila'# 1)
('parametry'# 1),restaurace,('vábně'# 1)
('uzavření'# 1),restaurace,('měla'# 1)
('být.'# 1),restaurace,('merci'# 1)
('nevyjde#'# 1),restaurace,('druhé'# 1)
('masa#'# 1),restaurace,('zjevně'# 1)
('nabídky'# 1),restaurace,('uvnitř'# 1)
('vstupem'# 1),restaurace,('profilujici'# 1)
('španělská'# 1),restaurace,('kaple'# 1)
('vietnamské'# 1),restaurace,('nabita.podvečerní'# 1)
('rádoby'# 1),restaurace,('zajímavá'# 1)
('medium'# 1),restaurace,('obsazené'# 1)
('prázdná#'# 1),restaurace,('zarizena'# 1)
('?prostředí'# 1),restaurace,('varna'# 1)
('klasické'# 1),restaurace,('chodí'# 1)
('plném'# 1),restaurace,('nadprůměrné#jde'# 1)
('obsazení'# 1),restaurace,('zaplní'# 1)
('nadarmo'# 1),restaurace,('nehraje'# 1)
('typická'# 1),restaurace,('bueno'# 1)
('vietnamská'# 1),restaurace,('narozdíl'# 1)
('roce'# 1),restaurace,('leporelo'# 1)
('chuťové'# 1),restaurace,('liduprázdná#'# 1)
('skvělé.steaková'# 1),restaurace,('takto'# 1)
('návštěvu.'# 1),restaurace,('začne'# 1)
('výrazně'# 1),restaurace,('popřemýšlí#'# 1)
('mnohé'# 1),restaurace,('spíše'# 1)
('staročeská'# 1),restaurace,('vybídla'# 1)
('tónování'# 1),restaurace,('moname'# 1)
('klikatých'# 1),restaurace,('budeme'# 1)
('parkování'# 1),restaurace,('plným'# 1)
('večer!do'# 1),restaurace,('napovídá)#'# 1)
('třetí'# 1),restaurace,('reduta#'# 1)
('obsazenosti'# 1),restaurace,('okamžitě'# 1)
('slabou'# 1),restaurace,('stejný.obsluha'# 1)
('polystyrenové'# 1),restaurace,('natřískaná'# 1)
('pěkné#'# 1),restaurace,('koishi'# 1)
('jim'# 1),restaurace,('uklidnujici.na'# 1)
('škoda.'# 1),restaurace,('mohla'# 1)
('večeři#tak'# 1),restaurace,('zlepšila#'# 1)
('době#kdy'# 1),restaurace,('doporucuji'# 1)
('ochladí'# 1),restaurace,('kuřácká#'# 1)
('využila'# 1),restaurace,('jsou#'# 1)
('prostřední'# 1),restaurace,('světa'# 1)
('nedoporučuji!poloha'# 1),restaurace,('bezva'# 1)
('obsazený'# 1),restaurace,('utratit'# 1)
('vrátímedo'# 1),restaurace,('e-mail#'# 1)
('ochotná.'# 1),restaurace,('normálně'# 1)
('rodinný'# 1),restaurace,('zavírala'# 1)
('lokaci'# 1),restaurace,('jiné#'# 1)
('nečekaná)'# 1),restaurace,('pěkné#'# 1)
('zaplněnost'# 1),restaurace,('pusobila'# 1)
('narozeniny.pravda#'# 1),restaurace,('účtuje'# 1)
('vecer'# 1),restaurace,('líta'# 1)
('večeři.'# 1),restaurace,('musi'# 1)
('profesionální.'# 1),restaurace,('vrstva'# 1)
('přemýšlím#'# 1),restaurace,('kde#'# 1)
('ještě'# 1),restaurace,('tady'# 1)
('důvodu'# 1),restaurace,('měkkou'# 1)
('vejde#'# 1),restaurace,('rád#'# 1)
('odpoledni'# 1),restaurace,('považuji'# 1)
('dvouchodove'# 1),restaurace,('další'# 1)
('hezky'# 1),restaurace,('(20minut'# 1)
('staronová'# 1),restaurace,('vcetne'# 1)
('dříve'# 1),restaurace,('přišel'# 1)
('restartem'# 1),restaurace,('mile'# 1)
('navstevou'# 1),restaurace,('týče#na'# 1)
('vede!zajímavý'# 1),restaurace,('účtují'# 1)
('název'# 1),restaurace,('unešen'# 1)
('hospody'# 1),restaurace,('očividně'# 1)
('naposledy).'# 1),restaurace,('obohatila'# 1)
('západ'# 1),restaurace,('útulná#'# 1)
('nekuřáky.'# 1),restaurace,('vešel'# 1)
('jedno#'# 1),restaurace,('podkreslují'# 1)
('povětšinou'# 1),restaurace,('umístěné'# 1)
('plná'# 1),restaurace,('sushi'# 1)
('zážitek'# 1),restaurace,('tentokrát'# 1)
('dojmu'# 1),restaurace,('(11:15)'# 1)
('prostorové'# 1),restaurace,('nacházející'# 1)
('členění'# 1),restaurace,('přitáhne'# 1)
('hlavním'# 1),restaurace,('chování'# 1)
('velký'# 1),restaurace,('paladeo#'# 1)
('samotná'# 1),restaurace,('kompletně'# 1)
('úrovni.španělská'# 1),restaurace,('pizzaland#jsem'# 1)
('páteční'# 1),restaurace,('divá'# 1)
('zmínil'# 1),restaurace,('dlouho'# 1)
('stěnách.'# 1),restaurace,('učinilo'# 1)
('obrázek'# 1),restaurace,('zavírá#'# 1)
('12:00#'# 1),restaurace,('nabízející'# 1)
('staronové'# 1),restaurace,('chyběla.na'# 1)
('doporučuji'# 1),restaurace,('doslova'# 1)
('navštívit!!!!tato'# 1),restaurace,('čas#'# 1)
('netřeba'# 1),restaurace,('nejlepší'# 1)
('vchod'# 1),restaurace,('docházíme'# 1)
('vypadalo'# 1),restaurace,('zajdeme'# 1)
('ahoj!'# 1),restaurace,('výtopna'# 1)
('dominanta'# 1),restaurace,('naprosto'# 1)
('pomoci#'# 1),restaurace,('získává'# 1)
('paráda!poloha'# 1),restaurace,('dětskou'# 1)
('povděkem#'# 1),restaurace,('vyhlášená'# 1)
('upadající'# 1),restaurace,('neshledávám'# 1)
('později'# 1),restaurace,('avia'# 1)
('zjistili#'# 1),restaurace,('příjemná'# 1)
('rušen'# 1),restaurace,('neupouští'# 1)
('standard.'# 1),restaurace,('nikterak'# 1)
('voda#'# 1),restaurace,('znovu'# 1)
('dokonalá#'# 1),restaurace,('protě'# 1)
('výraznější#'# 1),restaurace,('kvalit'# 1)
('čase'# 1),restaurace,('gurmánským'# 1)
('přede'# 1),restaurace,('televizními'# 1)
('mnou#'# 1),restaurace,('nemusela'# 1)
('brzy'# 1),restaurace,('klidná#čistá#obsluha'# 1)
('rozdělení'# 1),restaurace,('vyšší'# 1)
('není.'# 1),restaurace,('pozval#'# 1)
('myslíte'# 1),restaurace,('vypadal'# 1)
('zahrádce'# 1),restaurace,('průměrná'# 1)
('skutečnost#'# 1),restaurace,('dobrou'# 1)
('ruch'# 1),restaurace,('nepovede!'# 1)
('nejsou'# 1),restaurace,('satyam'# 1)
('navštívení'# 1),restaurace,('začíná'# 1)
('udělala'# 1),restaurace,('vyuzivam'# 1)
('velkými'# 1),restaurace,('zjistila#'# 1)
('klady'# 1),restaurace,('nebude'# 1)
('množství'# 1),restaurace,('tohoto'# 1)
('návštěv)interiér'# 1),restaurace,('zrejme'# 1)
('návštěvěpoloha'# 1),restaurace,('.příště'# 1)
('poměry'# 1),restaurace,('poměrně'# 1)
('výhrad'# 1),restaurace,('nejbližší'# 1)
('prostor'# 1),restaurace,('uprostřed'# 1)
('vedeni'# 1),restaurace,('pochopitelné:-)příjemná'# 1)
('většina'# 1),restaurace,('stane'# 1)
('nedaleké'# 1),restaurace,('polo-prázdná#'# 1)
('štrůdlů.ta'# 1),restaurace,('existuji:-)'# 1)
('příkazy'# 1),restaurace,('otáleli#'# 1)
('majitelů'# 1),restaurace,('asia'# 1)
('těší#'# 1),restaurace,('svědčí'# 1)
('vskutku'# 1),restaurace,('nehodí#'# 1)
('ustálila#'# 1),restaurace,('jídelní'# 1)
('včerejší'# 1),restaurace,('zavítali'# 1)
('navštěva'# 1),restaurace,('oblibena'# 1)
('nicmoc#'# 1),restaurace,('obsazena'# 1)
('znát#'# 1),restaurace,('hodil'# 1)
('meničko'# 1),restaurace,('nepřesvědčila'# 1)
('shrnula:'# 1),restaurace,('nedoporučila.měl'# 1)
('milá'# 1),restaurace,('prodělala'# 1)
('obsluha#'# 1),restaurace,('boulevard#'# 1)
('ruské'# 1),restaurace,('stala'# 1)
('dál....tato'# 1),restaurace,('čekal#'# 1)
('odešel'# 1),restaurace,('snaží'# 1)
('každá'# 1),restaurace,('nenechte'# 1)
('nabídka'# 1),restaurace,('vyprazdnila#'# 1)
('jsem#'# 1),restaurace,('ktera'# 1)
('5/5!tato'# 1),restaurace,('zdála'# 1)
(':-)prostředí'# 1),restaurace,('havana).na'# 1)
('týdne'# 1),restaurace,('namířeno'# 1)
('vyrytého'# 1),restaurace,('neni'# 1)
('mohla'# 1),restaurace,('svatební'# 1)
('chodili'# 1),restaurace,('leží'# 1)
('kterého'# 1),restaurace,('snaží#'# 1)
('přijme'# 1),restaurace,('postupně'# 1)
('objednávku#'# 1),restaurace,('najímá'# 1)
('duvod'# 1),restaurace,('stejně'# 1)
('poloprazdne'# 1),restaurace,('jidlo'# 1)
('čekat#'# 1),restaurace,('byly'# 1)
('přitom'# 1),restaurace,('rapidně'# 1)
('zavítám'# 1),restaurace,('kousek'# 1)
('nebyla.návštěva'# 1),restaurace,('musím'# 1)
('mnohem'# 1),restaurace,('popravčým'# 1)
('kvalitnější'# 1),restaurace,('nepůjdu'# 1)
('nemuseli#'# 1),restaurace,('dobré'# 1)
('nejhorší'# 1),restaurace,('dávné'# 1)
('neodejdete'# 1),restaurace,('skvělá#obsluha'# 1)
('masové'# 1),restaurace,('zamilovaly!!doporučujeme'# 1)
('hodinách#'# 1),restaurace,('rozporuplné'# 1)
('ačkoliv'# 1),restaurace,('malinko'# 1)
('zavítámedo'# 1),restaurace,('nemuze#'# 1)
('posoudit#'# 1),restaurace,('menici'# 1)
('jaká'# 1),restaurace,('chodívám'# 1)
('nechala'# 1),restaurace,('poblíž'# 1)
('poznat#'# 1),restaurace,('existuje'# 1)
('chapu#'# 1),restaurace,('nezabívá'# 1)
('jidle)#'# 1),restaurace,('nevyvolala.jídlo'# 1)
('bezchybná'# 1),restaurace,('budete'# 1)
('strany'# 1),restaurace,('obecně.každopádně'# 1)
('nastavené'# 1),restaurace,('(kdysi'# 1)
('tváře'# 1),restaurace,('zastrčená#'# 1)
('zážitková'# 1),restaurace,('dobré#'# 1)
('vydrzlému'# 1),restaurace,('dominuje'# 1)
('udělali.'# 1),restaurace,('vévodí'# 1)
('dost#'# 1),restaurace,('nova#'# 1)
('klasická'# 1),restaurace,('obyčejný'# 1)
('typů'# 1),restaurace,('nižší'# 1)
('umístění'# 1),restaurace,('maharani'# 1)
('nás'# 1),restaurace,('ovlivněni'# 1)
('vegetariánské'# 1),restaurace,('versus'# 1)
('12:20.'# 1),restaurace,('bída..změnili'# 1)
('opakuji#'# 1),restaurace,('doposud'# 1)
('vánocemi'# 1),restaurace,('hledala'# 1)
('doporučujidoopravdy'# 1),restaurace,('chodil'# 1)
