Název restaurace,Ulice,Město,PSČ
[mju:z],Moravské náměstí 15,60200,Brno
A3 pivnice,Kubíčkova  8,63500,Brno
A3 pizzeria,Kubickova 8,635,Brno
ABSOLUT COCTAIL BAR,Jánská  21,602,Brno
Adria - snackbar,Masarykova 31,60200,Brno
Africana restaurant,Orlí  16,621,Brno
Aida,Jakubské nám. ,60200,Brno
Air cafe,Zelný trh 8,60200,Brno
Akademická vinotéka,Zemědělská 5,60200,Brno
Al Capone PUB,Veveří  13,602,Brno
Alchymista,Moravské náměstí 12,602,Brno
ALIMENTARI ITALIA,Květinářská 3,60200,Brno
Aloha,Kozí 10,60200,Brno
AMBRA,Králova 28 ,61600,Brno
Amfora,Dukelská 8,614,Brno
Amici Delivery & Bistro,Palackého tř.  82,61200,Brno
Amsterdam Grill Bar,Panská ,66020,Brno
ANDĚL cafe & bar,Peroutková 5,66020,Brno
Annapurna,Josefská 14,602,Brno
Apollo,Valcharska 77,61200,Brno
ARKA Restaurant,Veslařská  4,66370,Brno
Armen Fast food,Cimburkova 4,61200,Brno
Astorka,Novobranská 3,60200,Brno
Atrium - pivní bar,Josefská 5,602,Brno
Avanti hotel,Střední ,61602,Brno
AVATÁR vegetariánská restaurace,Mendlovo náměstí 10,603,Brno
Avia Cafe Restaurant,Botanická 1,602,Brno
Aviatik,Jakubská  7,602,Brno
Bageterie Boulevard,Ve Vaňkovce  1,60200,Brno
Bar který neexistuje,Dvořákova 1,60200,Brno
Bar restaurant Gourmand,Josefská  14,60200,Brno
Bar U Leona,Čápkova 5,602,Brno
Barka,Úpatní  1,602,Brno
Baroko,Orlí 469/17,602,Brno
Barracuda,Mojmírovo náměstí 10,61200,Brno
Bavorská Restaurace,Palackého třída 148,612,Brno
Besední dům,Komenského nám.  8,602,Brno
BETA samoobslužná jídelna,Nám. Svobody 21602  00,602,Brno
BIBUS Café Restaurant,Vídeňská 125,61900,Brno
Bílkova restaurace,Černovičky 36a,627,Brno
Billy bar,Kalvodova 5,600,Brno
Biskupská vinárna,Biskupská 6,602,Brno
Bistro Franz,Veveří 14,60200,Brno
Bistro OCEAN 48,Palackého třída 60 ,61200,Brno
bistro pana Thuana Nguyena Vana,Olomoucká 61a,61200,Brno
Bistro Pilát,Kapucínské náměstí 100/6,602,Brno
Bistro soul,Jezuitská 7,60200,Brno
Bistro Toto,Kozí 8,60300,Brno
Bohéma,Rooseveltova 7,60200,Brno
Borgo Agnese,Kopečná 43,60200,Brno
Borneo Restaurant,Gajdošova 62,60200,Brno
BOULEVARD restaurant,Lidická 12,60200,Brno
Bowling stodola,Podveská  22,624,Brno
Brabander Restaurant,Hybešova 30,60200,Brno
Brick Pub restaurant,Horova 38a,61600,Brno
Brňák bar,Třída Kapitána Jaroše  3,60200,Brno
brněnský Šenk,Dominikánská 7,60200,Brno
Buddha restaurant,Náměstí 28. Října 1,66020,Brno
Bugatti Restaurant,Lidická 23,602,Brno
Butcher's restaurant,Dobrovského  29,61200,Brno
Café 04,Veveří  ,65602,Brno
Café 99,Úvoz 56,602,Brno
Café Art,Cihlářská 19,60200,Brno
CAFE BLAU,Jakubské náměstí ,60200,Brno
Café Brussel,Pekařská 76,602,Brno
Café encounter,Kounicova 35,60200,Brno
Café Falk,Gorkého 12,60200,Brno
café magnifique,Ve Vaňkovce  1,60200,Brno
Café Maia,Jaselská  17,60200,Brno
Café Momenta,Zelný trh 2,60200,Brno
Cafe Placzek,Minoritská 4,60200,Brno
Café PRÁH,Ve Vaňkovce  1,602,Brno
CAFÉ RUDOLF,Metodějova 9a,612,Brno
Café Society,Vachova 5,602,Brno
CAFÉ STEINER,Gorkého  9/38,602,Brno
Café TeeVee,Běhounská  18,65888,Brno
Cafe Vala,Hvozdecká 5,63500,Brno
Caffe Bar B2,Běhounská  2,60200,Brno
Caffé del Saggio,Helceletova 2,60200,Brno
Caffé Fratelli,Průchodní 377/2,60200,Brno
Caffe Quattro,Londýnské náměstí  1,63900,Brno
Caffé Tripoli,Starobrněnská 1,60200,Brno
Caffé Vergnano,Starobrněnská 14,602,Brno
caffetterie TOP SHOP,Jakubské náměstí 4,602,Brno
Camel restaurant,Mojmírovo náměstí 4,612,Brno
Campea,Netroufalky 7,62500,Brno
Campus River,Palachovo náměstí  726/2 ,625,Brno
Carpe Diem,Třída kapitána Jaroše 13,60200,Brno
Castellana bistro,Bělohorská 61,60200,Brno
Castellana Trattoria,Novobranská 4,602,Brno
CAT CAFE,martínkova 7,60200,Brno
Cat Cafe,Martinkova 253/7 ,602,Brno
Cattani,Veveří ,66020,Brno
Cejl 21 - obchod s čajem kávou a vinotéka,Cejl 21 21,60200,Brno
Central Restaurant,Třída Kapitána Jaroše 20,60200,Brno
Cihelna,Cimburkova  4,61200,Brno
Cinema Caffe,U Dálnice 777,635,Brno
Coffee Club cafeteria,V Újezdech 16210,635,Brno
Coffee Fusion,Jánská  460/25,602,Brno
Cohiba Club Conti,Kounicova 6,602,Brno
Cola Transport,Písníky 409/18,62000,Brno
Comodo,Hrnčířská  5,60200,Brno
Consorzio Punto Italia Emozioni,Pánská ,66020,Brno
Conti Club,Konicova 6,602,Brno
Continental Hotel,Kounicova 6,602,Brno
Corner,Jugoslávská 18,61300,Brno
Cosmopolis Caffé,Zelný trh 2,60200,Brno
country saloon,Přístavní 81,63500,Brno
countrybar,"Tyršova 480, Kuřim 480",66434,Brno
Cukrárna Kolbaba,Kounicova  270/11 ,602,Brno
Curry bar,Lidická 10,602,Brno
čajovna Bagdad,náměstí 28. října  1106/16,602,Brno
Čajovna Starý Dvůr,Mendlovo náměstí 11,602,Brno
"čajový bar "" PROBUZENÝ SLON """,bratří Čapků 14,602,Brno
Černohorský sklep,Náměstí Svobody 103/5,60200,Brno
Černý Medvěd,Jakubské nám. 1,602,Brno
Čínská restaurace MANDARIN,Průchodní 1,602,Brno
Čokoládovna MINACH,Poštovská 6E,60200,Brno
"Čtyři růže, pivní šenk",Veveří 32,60200,Brno
Da Vinci Restaurant,Kozí  8,60200,Brno
Dávné časy,Starobrněnská 20,60200,Brno
D-Café,Lidická 18,60200,Brno
Deja vu,Srbská  4,60200,Brno
Divadelní restaurace Nekonečno,Lidická  14,602,Brno
Dobrá čajovna Brno,Františkánská 6,602,Brno
Dobrá škola,Hlavní 34,667,Brno
Domácí pivovar a restaurace Magistr,Bayerova/Hrnčířská 23,602,Brno
Don Miguel's,Palackého  35,612,Brno
Don Pintxos ,Dominikánské nám. 3,602,Brno
Double Decker,Běhounská  15,60200,Brno
Draken,Kraví Hora ,60200,Brno
Drakkar,Kapucínské náměstí 13,60200,Brno
Druhý dech,Mácova 25,62100,Brno
Dřevěná růže,Provazníkova 40,61300,Brno
"Duck bar, Kamenka",Kamenná kolonie 10c,639,Brno
East Village Bar & Diner,Jaselská 2,60200,Brno
Ebisu,Slovákova 8,60200,Brno
Eiscafe Delikana,Nám. Svobody 3,60200,Brno
Ekvádor,Tř. Kapt. Jaroše 7,602,Brno
El Greco,Merhautova 98,613,Brno
Eldorádo,Mariánské údolí 1a,62800,Brno
Elektra pub,Běhounská 7,62800,Brno
"Eliot - Restaurace, penzion",Žebětín 177,64100,Brno
Empire Josefská,Josefská 698/9,60200,Brno
Empire Svoboďák,nám. Svobody 1,66020,Brno
En Elladi,Sokolská 4,60200,Brno
Espaňola,Botanická  19,60200,Brno
Everest Indian Restaurant,Veveří ,61602,Brno
Everest Indian Restaurant,"Brno, Veveri ",61602,Brno
Faircafé,Rybářská 19,603,Brno
Farma,Černopolní  54,603,Brno
Fausto Coppi / Faust Burger Pub,Jiraskova 34,60200,Brno
Fénix,Běhounská 20,602,Brno
Fino-club,U hřiště 737,664,Brno
Fish Restaurant Rybářská bašta,Rakovecká 34,635,Brno
Fisherman's Yacht,třída kpt. Jaroše 28,60200,Brno
Fischer Cafe & Restaurant,Masarykova 8,602,Brno
FLAVOURS Indian,behounska 12/14,60200,Brno
FORHAUS coffee & restaurant,Pekařská 4,60200,Brno
FORMAN Beef & Beer,Česká 29,60200,Brno
FORRUM Café-Bar,Skácelova 59,61200,Brno
Freeland-club,Beethovenova 7,60200,Brno
Friends Bistro,Pekárenská 12,60200,Brno
Galaxie,U dalnice  777,644,Brno
GALERIE CAFFE,náměstí Svobody  8,60200,Brno
Galeryje,Lidicka  9,602,Brno
Gallo Nero,Halasovo náměstí 822/6b,63800,Brno
Gambrinus 1869 Originál,J.Faimonové 11b,62800,Brno
Garden Restaurant,Palackého třída 84,62800,Brno
Gelati Eis Caffé (Brno),OC Galerie Vaňkovka ,60200,Brno
Gimmi Lounge Cafe,Slovanské náměstí 1,61200,Brno
Gingilla,Křížová 24,639,Brno
Giraffy fresh food,Brno ,639,Brno
Glamour restaurant,Hybešova 20,60200,Brno
Gloria Jean's Coffees,U dálnice  777,66442,Brno
GO,Běhounská 4,66442,Brno
Golfový resort - restaurace KASKÁDA,Na Golfu 1,772,Brno
Good Bar,Rooseveltova 10,60200,Brno
GREEK RESTAURANT TAVERNA ,Purkyňova 99,61200,Brno
Green restaurace,Vavřinecká 40,624,Brno
Grill bar Gurmet OREA Hotelu Voroněž,Křížkovského 47,603,Brno
Grill bar U Kalvodů,Pionýrská 9,603,Brno
Grill House,Fanderlíkova 19,616,Brno
"Gyropolis, s.r.o.",Přemyslovo náměstí 22,62700,Brno
H3 restaurant,Husitská 3,61200,Brno
HACIENDA MEXICANA,Dobrovského 29,612,Brno
Harmonie,Národních hrdinů 12/1,690,Brno
Havana,Masarova 9,62800,Brno
HB restaurace,Božetěchova 102,61200,Brno
Henri Panoptikum,Řeznická 1,60200,Brno
Himalaya,Pionýrská 9,60200,Brno
Hodoválek Czech Restaurant,Pekařská 29,60200,Brno
Holiday,Svratecká 11,624,Brno
Hospoda Na konečné Obřany,Babická 1a,624,Brno
Hospůdka na roli.,Budovcova  2,61200,Brno
Hospůdka v podhradí,Údolní  7,60200,Brno
Hospůdka za divadlem,Za divadlem 2,602,Brno
Hostinec Slunečnice,Faměrovo náměstí 17,61800,Brno
Hostinec Tuřanská Beseda,Podlipná 25,62000,Brno
Hostinec U Bláhovky,Gorkého 54,602,Brno
Hostinec u Čadíků - Na Šmelcovně,Šmelcovna 48,664,Brno
Hostinec U Dřeváka,Dřevařská 806/40,60200,Brno
Hostinec U Semináru,Smetanova  30,602,Brno
Hostinec u Šťávů,Výhon 1,602,Brno
Hostinec U Tesaře,Grmelova 9,602,Brno
Hostinec U Votrubů,Ochoz u Brna 228,664,Brno
hotel Fontána,Kníničky  814,63500,Brno
Hotel Gregor,nám. Svobody  6,664,Brno
Hotel Morávka,Heršpická 7,63900,Brno
Hotel Myslivna,Nad Pisárkami 1,623,Brno
Hotel Royal Ricc,Starobrněnská 10,623,Brno
Hotel U Crlíků,Palackého 4,664,Brno
Hotel Weiss,Lechovice 56,671,Brno
Hotel-Rakovec,Rakovecká  13,635,Brno
Hradní vinárna Špilberk,Špilberk 1,602,Brno
Hraniční zámeček - HOTEL,Hlohovec 16,691,Brno
Chaloupka,Žilkova 21,62100,Brno
changed ,Brno ,62100,Brno
Charlie´s Square,Římské náměstí ,602,Brno
Charlie's pub,Kobližná 12,602,Brno
Charlie's street Grand Restaurant,U Dálnice 777,635,Brno
Chilli,Sokolská 10,635,Brno
Chutné štěstí,Lidická 38,600,Brno
Il Mercato,Zelný trh 2,60200,Brno
INCAfé,Brno ,60200,Brno
Indická Annapurna Restaurace,Josefská 14,60200,Brno
Indická restaurace GOA,Geislerova 34,61500,Brno
IRIS,Česká u Brna 32,66431,Brno
Iron Horse,Štefánikova 2,66020,Brno
Italia bar,Zámečnická 2,602,Brno
Izakaya Asahi,Běhounská 20,60200,Brno
J.LOPEZ - club,Novobranská  14,60200,Brno
Jako doma,Hilleho 5,60200,Brno
Jakoby,Jakubské nám. 128/,66020,Brno
Jantar,Veselá 2,66020,Brno
JARDIN - letní terasa,Lidická  12,602,Brno
Jazz Cafe Italian Bar,Orlí 1,60200,Brno
Jedna báseň,Sukova 2,60200,Brno
Jedna báseň,Jihlavská  7a,62500,Brno
Jednička,Přístavní ,63500,Brno
Jen Tak,Kozí 8,60200,Brno
Jim Beam Bar,Veveří / Slovákova ,60200,Brno
Jiný Prostor,Cejl  43,602,Brno
Junákova búda,Božetěchova 1,612,Brno
K Rudolfskému Návrší,Minská 34,61600,Brno
K1 Pizzeria Steak House - Vinohrady,Žarošická 24,62900,Brno
K1 STEAK HOUSE,Kuldova 1,600,Brno
K5 bar,Merhautova 234,61300,Brno
Kabaret Špaček,Kopečná 4,66020,Brno
Kafec,Veveří 10,602,Brno
KANAS   TP   Restaurant ,Kolejní 14,61200,Brno
Kanibal,Kamenná  1,602,Brno
Kaple 09,Suchého  522/10,62100,Brno
Kaskáda,Vídeňská ,62100,Brno
Kavárna a pekařství Zastávka,Táborská 232,61500,Brno
Kavárna Alfa,Poštovská ,66020,Brno
kavárna cukrárna restaurant & pub,Žebětínská  70,62300,Brno
Kavárna ERA,Zemědělská 30,61300,Brno
Kavárna hotelu Slavia,Solniční 15/17,662,Brno
KAVÁRNA KLAFÉ,KLácelova 1A,60200,Brno
Kavárna Spolek,Orlí  22,60200,Brno
kavárna Tulipán,Pekařská 14,602,Brno
KAVKAZ RESTAURANT,ŠVERMOVA  9,625,Brno
KEBAB plus - Döner kebab Brno,Hybešova 30,60200,Brno
KEBAB SULTAN na Panské,Panská 1 ,60200,Brno
Ki-Ki Restaurant,Libušina třída  2,62300,Brno
King's head restaurant,Tř. kpt. Jaroše 2,66020,Brno
Klobáskový bar u Bohouše,Dominikánské nám. 3,60200,Brno
Klub cestovatelů,Veleslavínova 14,612,Brno
Klub cestovatelů,Veleslavínova 14,61200,Brno
KODO Japonska Restaurace,Palackeho  124,61200,Brno
Kohout na víně,Malinovského nám. 2,602,Brno
KOISHI,Údolní 11,602,Brno
Kolibaba,Zemědělská 38,602,Brno
Koločava,Bayerova 10,60200,Brno
Koločava - trochu jiná pivnice,Bayerova 10,60200,Brno
Kometa Pub ARENA,Křídlovická 34,602,Brno
konfit restaurace,Brno ,602,Brno
konfit restaurant,Veveří ,602,Brno
Korzár,Minská 2,66160,Brno
Kozák Hotel,Horova 30,61600,Brno
Kozlovna u Badinů,Tomáškova 2,61500,Brno
Královská cesta,Poděbradova ,61612,Brno
Království řízků,Hilleho 5,61612,Brno
Krčma U Císařské Cesty,Branišovice 200,67177,Brno
Kupé,Veveří  34,60200,Brno
L´Eau Vive,Petrská / Petrov 2,601,Brno
La BOTTE,Palackého 47,61200,Brno
La Bouchée,Běhounská 18,60200,Brno
La Corrida Restaurant,náměstí 28.dubna 2,63500,Brno
La Corrida Žabovřesky OC Perla,náměstí Svornosti  2573/6,616,Brno
La FUFU,Veselá 3,60200,Brno
La Guzza,Koliště 71,60200,Brno
La Chapelle,Cernovicka  2C,61700,Brno
La Patas,U Leskavy 39,62500,Brno
La Ponorka,Jakuba Obrovského 1,63500,Brno
La Solitaire,Kozí  641/12,602,Brno
"La Strada , restaurant a pizzeria",Kounicova 53,60200,Brno
La Swoya,Pálavské nám. 5,62900,Brno
L'abbuffata - Restaurant & Caffe bar,Kozí 8,60200,Brno
Labyrint Club,Kuklenska  38,615,Brno
Laguna,Smetanova 2,615,Brno
Las Pegas,Langrova 1D,62700,Brno
Last Cafe,Vídeňská  36,639,Brno
Le Grand,Benešova 605/18,602,Brno
Legenda,Jiráskova 48,602,Brno
Leone - restaurant/pizzeria,Běhounská 15,60200,Brno
Leonessa Ristorante Pizzeria,Sukova 2,60200,Brno
LEPORELO+ restaurant,Malinovského náměstí  2,60200,Brno
Letadlo,Přístavní,60200,Brno
Liberty cafe,radnická  7,60200,Brno
Light of India,Štefánikova 35,60200,Brno
Linden Restaurant - Pension,Mácova  5,621,Brno
Lískovecká terasa,Petra Křívky 1a,634,Brno
Livingstone,Dominikánské nám.  5,613,Brno
Lobby bar OREA Hotelu Voroněž,Křížkovského  47,603,Brno
Lokál U Caipla,Kozí 3,60200,Brno
Lokofu,Kounicova 67a,60200,Brno
London Inn,Křenová 24,60200,Brno
Low Cost BAR,Běhounská 109/9,60200,Brno
Lucerna,Slovákova,602,Brno
Lucullus,Husova 16,659,Brno
Lužánka,Burešova  2,602,Brno
Maid Café,Hrnčířská  ,66020,Brno
Main restaurant,Panská ,602,Brno
Malá Eliška,Durďákova  5,613,Brno
"Maledivy club,Carpaccio bar",Běhounská  15,613,Brno
Mamut Pub,Bašty 8,602,Brno
Mariani,Vapenka 3060/136300,602,Brno
MARIANI Ristorante Pizzeria,Bělohorská  ,61636,Brno
Marilyn Cafe,Orlí  ,66020,Brno
MARINA restaurace - pizzerie,Ondrova 21,63500,Brno
MAXIM restaurant ,Trnitá  9,63500,Brno
Mazaný anděl,Šilingrovo náměstí 4/5,60200,Brno
Merci restaurant,Francouzská  97,60200,Brno
Merlin cafe,Táborská  83,61500,Brno
Metro Music Restaurant,Poštovská 6,602,Brno
MFG bistro,Starobrněnská 1,66020,Brno
MIDWAY,Pionýrská 7,602,Brno
Mike´s restaurant,Vídeňská 55,63900,Brno
MIKI RESTAURANT,Makovského náměstí 2/3,616,Brno
Mikrofarma bistro,Moravské náměstí 4,60200,Brno
Mimóza club,U sokolovny 46,635,Brno
Miniaturgolf - Sojka Petr ,Loosova 1b,638,Brno
MINOR ,Úvoz ,638,Brno
Mitrovski,Veletržní 13,603,Brno
Modra Ruze,Kounicova  2,602,Brno
MOMO Bar,Solniční 13,602,Brno
Monâme - zámecká restaurace,Hudcova 2,621,Brno
Monte Bú Restaurant a steakhouse,Údolní  532/7,66020,Brno
Montenegro Pub (U Prokopů),Kotlářská  666/30,602,Brno
Moravská chalupa - Pivnice s kuželnou,Křižkovského 47,603,Brno
Moravská chalupa - Restaurant St. Urban,Křížkovského 47,603,Brno
Motel Poddubí,Poddubí  49,251,Brno
Motorest60 Na Rozhraní,Rozhraní ,60569,Brno
MY FOOD Holandská,Holandská 5,639,Brno
MY FOOD Zelný trh,Radnická 11,60200,Brno
Na gruntě,Okružní 9b,638,Brno
Na Chatě,Černopolní 54,61300,Brno
Na Knoflíku,Běhounská 9,60200,Brno
Na Maničkách,Maničky 12,61600,Brno
Na městečku,,66471,Brno
Na Purkyňce ,Purkyňova 80,61200,Brno
Na Růžku,Štefánikova 25,612,Brno
Na Špici,Terezy Novákové  109/107,62100,Brno
Na Švábce,Údolní 4,602,Brno
Na-tahu,Bašty 2,60200,Brno
Nefertiti,Josefská 1,602,Brno
Nepal,Tyršova  2,61200,Brno
"New York ""Oesterreicherloch""",Úvoz  26,602,Brno
Ngoc Tháng Quán - vietnamské bistro,Olomoucká 61a,602,Brno
Noem Arch Restaurant,Cimburkova 9,612,Brno
NordSee,Ve Vaňkovce 1,60200,Brno
Občerstvení Střela,Dobrovského 27,61200,Brno
Ochutnávková Pivnice,Lidická 10,60200,Brno
Oldies Deja*vu,Úvoz 2,66020,Brno
Olymp,Durďákova  356/46,613,Brno
ONYX,Zámečnická 1,60200,Brno
Orel - jednota Telnice,Masarykovo náměstí 7,664,Brno
OTTOMAN TRUMPET,Opletalova 1,60200,Brno
P,Nám.svobody 3,60200,Brno
Padowetz,Masarykova 34,60200,Brno
PadThai Restaurant,Palackého 124,61200,Brno
PALADEO RESTAURANTE,Purkyňova 35g,61200,Brno
Panoptikum Beer Restaurant,Jakubská 9,60200,Brno
Panská lícha,Obřanská 180a,614,Brno
Park Lane Cafe,Lužánecká 1885/4a,60200,Brno
Parkhotel,Veslařská 250,637,Brno
PARNAS Caffe,Radnická 20,60200,Brno
Pavillon Restaurant,Jezuitská ,66020,Brno
Pegas ,Jakubská 4,602,Brno
PEGAS Jiráskova,Jiráskova 44,602,Brno
Pellegrini,nám.Svobody 18,602,Brno
Pellini,Jakubské nám. 4,602,Brno
Penzion Anitka,Fedrova 2,621,Brno
Penzion Marie,Přehrada ,621,Brno
Petit Belveder ,Drobného 48,602,Brno
Pivní bar Marley,Tábor 943/14,616,Brno
Pivní bar U Suka,Purkyňova  116,616,Brno
Pivní burza,Veveří 21,60200,Brno
Pivní dveře,Smetanova 4,602,Brno
Pivní Opice,Joštova 4,60200,Brno
Pivní restaurant Sladovna,Kotlářská 51a,60200,Brno
PIVNICE NA JUNGMANCE,Jungmannova 1,61200,Brno
Pivnice U Čápa,Obilní trh 10,602,Brno
Pivnice U SAMA,Foltynova  1,63500,Brno
Pivovarská Restaurace Starobrno,Mendlovo náměstí 20,603,Brno
Pizza bar Těsně vedle Brno,Příkop  2a,60200,Brno
Pizza Coloseum,Dominikánská 3,602,Brno
Pizza GRAND PRIX rozvoz,Hlinky 36 3,66030,Brno
Pizza Hamm,BrnoJihomoravský krajČeská republikaPřibližná poloha,66030,Brno
Pizza Kanas,Legionářská 299,664,Brno
Pizza Toscana,Brno ,664,Brno
Pizza u Honzy,Milady Horákové 24,602,Brno
PIZZA ZAKKI,Antonínská 30,602,Brno
Pizzaland,Sady 12,614,Brno
Pizzan Restaurant,Římské náměstí 25/27,60200,Brno
Pizzeria - Ristorante Gazebo,Merhautova 101,61300,Brno
Pizzeria Amigo,Svratecká 5,62100,Brno
Pizzeria Árčí,Úpatní  1,62100,Brno
Pizzeria Borgia,Palackého třída 84,62100,Brno
Pizzeria Da Buffi,Hlavní 1129/129,624,Brno
Pizzeria Di Gusto,Jírova 4,62800,Brno
Pizzeria Kogo,Heršpická,62800,Brno
Pizzeria La Gamba,Okružní 9b,62800,Brno
Pizzeria La Rossa ,Sportovní 2a,60200,Brno
Pizzeria Molino Ristorante,Palackého 91,61200,Brno
Pizzeria Primavera,Böhmova ,621,Brno
pizzeria ristorante AL CAPONE,Hrnčířská 6,602,Brno
Pizzerie Brevi Manu ,Hilleho 5,60200,Brno
Pizzerie Issima,Skácelova ,69612,Brno
Pizzerie LaPeda,Křížova  1,66390,Brno
Pizzerie Mediterrane,Smetanova 3,602,Brno
Pizzerie Morava,Smetanova 1,60200,Brno
Pizzerie Paradiso,Česká 20,602,Brno
Pizzerie Peperone,Nádražní 984,67571,Brno
Pizzerie selská,Selská 52,60140,Brno
Pizzerie Sukulent,Nám. 28. října 16,60140,Brno
Pizzerie Tyrkys,Marie Steyskalové 7,61600,Brno
Pizzerie Va Bene,Králova 1,616,Brno
pizzerie VIVA,Králova 1,61600,Brno
Plameňák,Anenská 4,60200,Brno
Plzeňská pivnice na radnici,Pálavské náměstí ,60200,Brno
Pod ořechy,Markéty Kuncové,615,Brno
Pod Radničním Kolem,Mečová 5,602,Brno
Pod Špilberkem,Husova 13,60200,Brno
Pohádková hospůdka,Dobrovského 82,60200,Brno
Pohostinství na Jílkové,Jílkova,615,Brno
point,vranovska 58,615,Brno
POINT restaurant,Vranovská 58,61400,Brno
Pojd na kafe,Gorkeho 37,602,Brno
Polévkárna pod schody,Schodová 2,60200,Brno
PONTOS,Křížkovského  22,60200,Brno
Porta da Terra,Masarykova  1018,66442,Brno
Potrefená husa,Starobrněnská 3,60200,Brno
Potrefená Husa,Ve Vaňkovce 1,602,Brno
Potrefená husa,Jírova  2,62800,Brno
Potrefená husa,Jírova  2,62800,Brno
Prígl Pub,Přístavní 27/2,63500,Brno
Probe centrum,Pálavské nám. 5,628,Brno
Prominent,Křížkovského 20,603,Brno
Přehradní krčma,Přístavní  81,635,Brno
Pub Loď Veveří,Přístavní  81,635,Brno
PUXpub,Jaselská 11,60200,Brno
Quán Viet,Panská ,66020,Brno
QUANVIET,Panská  ,66020,Brno
Ratejna Music Restaurant,Dvořákova 13,60200,Brno
Rebio,Orlí 26 ,60200,Brno
Reduta Café Restaurant,Zelný trh 4,602,Brno
Redwall Café,Gajdošova 10,615,Brno
Remix,Brandlova 4,602,Brno
Rendez - vous,Moravské nám. 4,602,Brno
restaurace,2,602,Brno
Restaurace  Dukát,Loosova  1,63800,Brno
Restaurace a hotel U kašny,Městečko 54,664,Brno
Restaurace a penzion Gallus,,66432,Brno
Restaurace a penzion U kocoura,Selská 82,61400,Brno
Restaurace a pivnice U Zlaté Konve,Údolní  34,602,Brno
Restaurace Áčko,,602,Brno
Restaurace Atrium OREA Hotelu Voroněž,Křížkovského 47,603,Brno
Restaurace Belcredi,Pohankova 8,62800,Brno
Restaurace Betlém,Krkoškova  502/27,613,Brno
Restaurace Borgeska,Palackého tř. 285/47,61200,Brno
Restaurace Brno- chrlice,Šromova  1a,61200,Brno
Restaurace Corner,Jugoslávská 18 18,61300,Brno
Restaurace Dělnický Dům,Jamborova  3323/65,61300,Brno
Restaurace Divá Bára,Štefánikova  21,60200,Brno
Restaurace DTJ Garda,Klobásova 34,62500,Brno
Restaurace Farma - Obřany,Mlýnské nábřeží 311,61400,Brno
Restaurace Flora,Solniční 3a,602,Brno
Restaurace Formanka,Lipůvka 193 LipůvkaJihomoravský krajČeská republikaPřibližná poloha,602,Brno
Restaurace Formanka,Mášova 8,60200,Brno
Restaurace HNÍZDO,Kigginsova ,62700,Brno
Restaurace Hvězda,U Zoologické zahrady 220/3,63500,Brno
Restaurace Jasmín,Kotlanova 7,62800,Brno
Restaurace Kaverna,Veveří 9,60200,Brno
Restaurace Kavkaz,Švermova  654/9,625,Brno
Restaurace LEGUANA,Dlouhá  1625,625,Brno
Restaurace Líšeňský pivovar,Kotlanova 5,62800,Brno
Restaurace Lloyd´s,Štefánikova 134/,64612,Brno
Restaurace Mikulášek,Elgartova 8,61400,Brno
Restaurace Na Devadesátce,Skácelova 28,61200,Brno
Restaurace Na Dolnici,Gromešova 30,621,Brno
Restaurace Na Statku,Zemědělská  7 Ústí nad Labem ,621,Brno
Restaurace Na Vyhlídce aneb u Černé báby,Soběšická  154,63800,Brno
Restaurace Nautilus,Národní ,66950,Brno
Restaurace Okruh,Rybnická  60/75,63400,Brno
Restaurace Palazzo,Šilingrovo náměstí 2,60200,Brno
Restaurace Pastouška,Jílkova 219,61500,Brno
Restaurace PEKANDA,Pekařská  92,602,Brno
Restaurace Plameňák,Lýskova 2,63500,Brno
Restaurace Plzeňka,Husova  16,659,Brno
Restaurace Plzeňský dvůr,Šumavská 29a,659,Brno
Restaurace Pohoda,Štefanikova  5,60200,Brno
Restaurace Portum,Hrázní 4a,635,Brno
Restaurace Přístav U Vodů,Přístavní ulice 39,63500,Brno
Restaurace Racek,Jungmannova 5 5,61200,Brno
Restaurace Rozsocháč,Říčanská  1333,665,Brno
Restaurace Rustical,Červený kopec  789/4,639,Brno
Restaurace Sklípek,Dřevařská 805/24,60200,Brno
Restaurace Stará Pošta,Kovalovice 109,68300,Brno
Restaurace Špalíček,Zelný trh 12,60200,Brno
Restaurace Tanganika,Horova 35,61600,Brno
Restaurace Tatra,Štefánikova 126/5,66120,Brno
Restaurace Terasa,Hněvkovského 2,66170,Brno
Restaurace Tišnovská Rychta,Mlýnská 377,66601,Brno
Restaurace Tropicana,Drobného 48,60200,Brno
Restaurace Tukan,Böhmova  13,621,Brno
Restaurace U Honzáků,Šromova 1a,643,Brno
Restaurace U Klímů,Poutní 95,66432,Brno
Restaurace U raka,Mariánské údolí 187,62800,Brno
Restaurace Union,Vídeňská  77,63900,Brno
"Restaurace v lužáneckém parku, areálu tenisového klubu TC MJ-BLTC BRNO ",Drobného ,63900,Brno
Restaurace Velorex,Palackého 1,62602,Brno
Restaurace Veselá 2,Veselá 2,60200,Brno
Restaurace Wellington Cafe,Vážného  21/1498,621,Brno
Restaurace Za kapličkou,Burianovo náměstí 5,616,Brno
Restaurace/Pizzerie LORIA,Brněnská ,66660,Brno
Restaurant A LA CARTE - OREA Hotel Voroněž,Křížkovského  47,603,Brno
Restaurant Anena,Anenská 6,602,Brno
Restaurant Bueno Farma,Třída generála Píky 11,61300,Brno
Restaurant Cadentes,Na Golfu 1772,66434,Brno
Restaurant císaře Leopolda,Orlí ,60200,Brno
Restaurant Garden,U dálnice ,60200,Brno
Restaurant Gourmand,Josefská 14,602,Brno
Restaurant hotel Slávia,Solniční 15/17,60200,Brno
Restaurant Nebeský mlýn,Palackého třída 91,612,Brno
Restaurant pub U Dudáka,Pálavské náměstí 5,62800,Brno
Restaurant U Rudého vola,Kobližná 2,60200,Brno
Restaurant Viktoria ,Vodařská  2,61700,Brno
Restaurant Welcome,Husitská  3,61200,Brno
Retro - mňamky naší mamky,Cihlářská 21,602,Brno
Retro Consistorium Restobar,Mečová 4,60200,Brno
Ricciano,Jakubské nám. 128,60200,Brno
"Rio, restaurante brasileiro",Naměstí SNP 33,60200,Brno
Risto Pizza Pub Tusto,Nové Sady 25,602,Brno
Ristorante a Pizzeria Arca di Adria,nám. Svobody,602,Brno
Ristorante Giardino,Černopolní  54,61300,Brno
Ristorante Piazza,Nám. Svobody 9,60200,Brno
Ristorante Piccolo Mondo,Gorkého  17,60200,Brno
Ristorante RIALTO,Veveří 125,60200,Brno
Ristorante ROMA,Dominikánská  3,60200,Brno
"Ristorante, pizzeria Lucresia",Zelný trh,60200,Brno
Robin Hood,Divadelní 3,602,Brno
Rockin,Pekárenská 12,60200,Brno
RockStar Café,Nádražní  1917,66601,Brno
Rodeo Drive,Rašínova  2,60200,Brno
Rosnička,Jana Nečase 1,616,Brno
Rotor-bar,Dvořákova 10,60200,Brno
Royal Club ,Nám. 28.října 1,66020,Brno
"RUBEN""S RESTAURANT",Fryčajova  698/29,614,Brno
Rubín Restaurant ,Makovského nám 1,61600,Brno
Růžová slepička,Jánská 12,60200,Brno
Rybí bistro RYBENKA ,Hrnčířská 6,602,Brno
Rynk,Zelný trh 2,60200,Brno
Rytířská krčma,Lidická  96022,60200,Brno
Sabaidy1 - Lao Thai Restaurant,Třída kpt. Jaroše 29,60200,Brno
Salon Daguerre - obskurní bar,Slovákova 1,60200,Brno
SAMOVAR - Ruská restaurace,Koliště 5,60200,Brno
Sandonoriko,Juliánovské nám. 2,60200,Brno
Sapanel,Štursova 35,616,Brno
Satyam Indian Fast food,Cimburkova  4,61200,Brno
Satyam Indian Restaurant,Křížkovského 33,603,Brno
SAVARIN RESTAURANT,TRNITÁ 9,61200,Brno
Sborovna,Botanická  1,60200,Brno
Sega Fredo,Josefská,60200,Brno
SegaPro,Josefská 25/27,602,Brno
Semilasso,Palackého 126,612,Brno
Severka,Tučkova 30,60200,Brno
Shanghai,Pekařská 42,602,Brno
Sharingham,Vídeňska 1,603,Brno
Sherlock Holmes Pub,Jakubské nám. 2,603,Brno
Sherwood,Rokytova 428,628,Brno
Schnitzel House,Běhounská 15,60200,Brno
Siam Thai,Gorkého 15,60200,Brno
Siesta Lobby & Wine Restaurant,Husova 16,659,Brno
Silmaril,Dlouhá 1,62500,Brno
Simplé,Veveří  1,66020,Brno
Sitara,Cimburkova 4,61200,Brno
Skanzeen,Pekařská 80,602,Brno
Sklep,Úvoz 82/39,602,Brno
Sklípeček,"Brno, Žižkova 2",60200,Brno
Sluneční dvůr,Přemyslovo náměstí 2,66270,Brno
Smaltovna pub,Hudcova 2,63900,Brno
Snack bar Lila,Česká 11,602,Brno
snack bar Trio,Lužánecká  3,60200,Brno
SOHO CAFFÉ ,Svratecká  989,664,Brno
SONÁTA,Opletalova  1,602,Brno
"SONÁTA - RESTAURACE, KAVÁRNA",Komenského náměstí  609/,66020,Brno
Spielberk café,Holandská 8,639,Brno
Spirit Bar,Františkánská  7,60200,Brno
Sport bar ARENA,Hybešova  21,60200,Brno
Sportbar Pardál,Tilhonova 30,62700,Brno
Správné místo,Husitská 3,612,Brno
Stáj,Veveří 325/38,602,Brno
Starobrněnská pivnice na Divadelní ,Divadelní ,66020,Brno
Starobrněnský/Slatinský šenk,Zlínská 12,62700,Brno
STAVBA restaurace,Grohova  2,60200,Brno
STEAK HOUSE HIGHLANDER,Nám. Svobody 22,602,Brno
Steak House Jack,Úvoz 39,602,Brno
Steak Pub Jack,Hlavní 129,62400,Brno
Steakový a pivní bar Pod lékárnou,Slovákova 1,62400,Brno
Stern Original Restaurant,Hilleho 1,602,Brno
Stopkova Plzeňská Pivnice,Česká 5,60200,Brno
Stratosfera restaurant M- Palác  Brno,Herspicka  833/5,63900,Brno
Stronghold,Podpěrova 2,62100,Brno
Středověká krčma,náměstí Svobody  86/17 ,60200,Brno
SUNSET RESTAURANT,Příkop 4,60200,Brno
Sunset Restaurant - kvalitní restaurace Brno,Příkop 4,60200,Brno
Super Panda Circus,Husova ,602,Brno
Surda's Curry Bar,Lidická 10,602,Brno
SUSHI Noodles,U dálnice 777,66442,Brno
Sushi Point Olympia Brno,U Dálnice 777,66442,Brno
SUSHI YA,Štefánikova 101/30,602,Brno
Suzie's Pizzerie & Restaurant,Údolní 4,602,Brno
Svatovavřinecký dvůr,Palackého nám 9 ,621,Brno
Svitavská rychta,Stará osada 15,61500,Brno
Szeged,Burešova 2,60200,Brno
Šelepova No. 1 - ŠELEPKA,Šelepova 1,60200,Brno
Šenk u Kalicha,Štefánikova  39,61200,Brno
Šermířský Klub L. A. G.,Kopečná  382/50,60200,Brno
Šnyt Pálavanka (aka Lobkowicz pub),Pálavské náměstí 5,62900,Brno
Špargl,Gorkého 12,60200,Brno
Špilberk Food Festival,Špilberk 1,662,Brno
Švejk Restaurant & Pension,Havelkova 20,62500,Brno
Taiwan Bento,Josefská 25,60200,Brno
TANKOVNA,Kounicova  10,60200,Brno
Taverna Athena,Štefánikova 4 ,60200,Brno
Taverna John Silver,Dusíkova 7,638,Brno
terasa,Brno ,638,Brno
Thalie,Rooseveltova 14,602,Brno
The Immigrant Pub,Veveří 57,602,Brno
The Pub,Běhounská 9,60200,Brno
TIME OUT restaurace a bar,Novoměstská  2,62100,Brno
TIMGAD Restaurant,Za divadlem 2,602,Brno
TINTO,Grohova  2,60200,Brno
Tivoli cafe,Konečného náměstí  ,66020,Brno
TO PRAVÉ OŘECHOVÉ,Babičkova  17,61300,Brno
TokoRi,Franz,61300,Brno
Tomato Fresh Restaurant,Třída Generála Píky 11,613,Brno
Topas club,Králova   643/45,616,Brno
Tora,Solniční 11,60200,Brno
Tortuga,bří. Čapků 8,602,Brno
Tramin,Naměstí Svobody  21,602,Brno
Transistor - Long Distance Bar,Bayerova 7,60200,Brno
Trapas bar,Moravské náměstí  754/13,60200,Brno
Triniti,Trnitá 9,602,Brno
Trio Snack Bar,Lužánecká ,602,Brno
Tripoli Restaurant,Ve Vaňkovce 1,602,Brno
TRYZUB,Koželužská 9,602,Brno
Tukan London Restaurant,Böhmova 13,62100,Brno
Tulip Restaurant,Tř.Kpt. Jaroše 10,60200,Brno
TWO COWBOYS’ PUB WESTERN STEAK HOUSE,Burešova 2/4,60200,Brno
u 3 opic,Palackého třída  77,612,Brno
U 3 OPIC Pub & Restaurant,Palackého třída  77,61200,Brno
U Abána,Osová ,625,Brno
U baláků,Palackého třída 1,62612,Brno
U Bílého beránka,Štefánikova 1,66020,Brno
U Bílého koníčka,Pionýrská  1602,66020,Brno
U Boba,Tř. kpt. Jaroše  18,60200,Brno
U Čáliho,Krkoškova 59,613,Brno
U Dobré kozy,Štefánikova 109/40,612,Brno
U DOBRÉHO PASTÝŘE,VEVEŘÍ  1,66020,Brno
U Draka,Běhounská,66020,Brno
U Draka (Brno - ul. Veveří),Veveří 4,602,Brno
U Dreveneho Orla,Orli 3,60200,Brno
U Dřeváka Beer&Grill,Dřevařská 22,60200,Brno
U Emila,Hybešova 13,60200,Brno
U Fidela,Masarova 2407/7,628,Brno
U Gazdů,Přítluky 32,692,Brno
U Hejmalů,Skácelova  5,61200,Brno
U Heligonky,Radlas 5,60200,Brno
U Hodného pastýře,Žarošická  13,62800,Brno
U hodnýho psa,Tyršova 2,612,Brno
U hodnýho psa.,Tyršova  2,61200,Brno
U hovězího pupku,Vídeňská  55,63900,Brno
U Chluparů,Jiráskova  11,602,Brno
U Indiána (Indoš),Jamborova  6,615,Brno
U Jeníka,Lidická 5,60200,Brno
U Jiřího,Obůrka  ,678,Brno
U JOŠTA,VESELÁ  37,602,Brno
U Kamenné panny,Orlí 16,602,Brno
U Karla,Bayerova 578/8,602,Brno
U kormidla,Kounicova 43,60200,Brno
U Kosa,Kristenova 14,624,Brno
U Krále Jířího,Břenkova 172/1,613,Brno
U KŘIVÉ VRTULE,Turistická ,621,Brno
U Kyršů,Minská 2,616,Brno
U lasa,Merhautova 110,61300,Brno
"U Lucerny, restaurace",Slovákova  2,600,Brno
U Malchrů,Vančurova 1,61500,Brno
U Maníka,Měřičkova 18,62100,Brno
U měděné pánve,Křenová  70,60200,Brno
U Mlsné kozy,Kobližná  5,60200,Brno
U Mocnáře,Hlavní  142/111,624,Brno
U Nudle,U Pošty 16,625,Brno
U OSLŮ,Sokolská  361/10,602,Brno
U Pandura,Kapucínské náměstí 8,60200,Brno
U Pantátů,Škroupova 23,60200,Brno
U Patriotů,Svatopluka Čecha  81,61200,Brno
U Pavouka,Vranovská 52,61400,Brno
U pece,Sokolská 17,664,Brno
U Plaza,Tererova 12,61200,Brno
U Primů,Minská 20,616,Brno
U průmyslovky,Jana Uhra 1,616,Brno
U raka,Mariánské údolí  187,616,Brno
U Richarda,Ríšova 12,64100,Brno
U Richarda,Údolní 7,60200,Brno
U Richarda (na Údolní),Údolní  7,60200,Brno
U Růžového pantera,Dukelská třída 75/22,60200,Brno
"U Rytíře, ...pivní a vinný bar",Starobrněnská 1,66020,Brno
U Septima,Grmelova 9,602,Brno
U Soba,Hlavní 40,602,Brno
U Starýho Billa,Kudelova  5,602,Brno
U supa,Zeiberlichova  48,644,Brno
U Svatého Václava,Husitská 8a,644,Brno
U štiky,Mathonova  25,61300,Brno
U Štíra,U ZOO 31,635,Brno
U Šuláka,Brnněnská přehrada ,635,Brno
U Tančícího hrocha,Hilleho 5/Náměstí 28. října  ,602,Brno
U Tomana,Náměstí Svobody  93/22,60200,Brno
U Trávníčka,Brněnská 308,66442,Brno
U třech Čertů - krčma,Starobrněnská 7,602,Brno
U včely,,61300,Brno
U všech čertů,Štefánikova  78,61200,Brno
U Zlatého Meče,Mečová 3,60200,Brno
Umami,Jezuitská ,60200,Brno
V Club,Údolní  532/7,66210,Brno
V melounovém cukru,Františkánská 17,60200,Brno
V práci,Kotlářská 51a,60200,Brno
V.I.P. restaurant,Grohova 2,602,Brno
Valaška,Husitska 3,612,Brno
Valhalla,Kopečná 39,602,Brno
Valoria,Bohunická 2,619,Brno
Varna bar a restaurant,Solniční 3,60200,Brno
VELKÁ KLAJDOVKA,Jedovnická 7,628,Brno
Veselá kavárna,Měříčkova 18,62100,Brno
Veselá vačice,Běhounská 22,60200,Brno
Vesmír,Kobližná  8,60200,Brno
Veteran car pivní a steakový restaurant,Podsedky 11,62500,Brno
Vida - Moravian Science Centre - restaurace,Křížkovského  554/12,603,Brno
Vídeňka Café,Vídeňská 15,63900,Brno
Vinárna Arka,Veslařská,637,Brno
Vinný restaurant U Radnice,Velkopavlovická  25,602,Brno
Vinotéka MV61,Jánská  12,60200,Brno
Vinotéka Perly vín z Jižní Moravy,Kozí 8,60200,Brno
Vinotéka U MERCI,Rooseveltova 12,60200,Brno
Vinotéka U šohajíčka,Bratislavská  1,60100,Brno
Vista Hotel,Hudcova 72,621,Brno
Vitalité zdravý restaurant,Lidická  26,602,Brno
Vivobene Gusto,Běhounská 4,602,Brno
Vulcano,Čeňka Růžičky 2,625,Brno
Výčep Na stojáka,Běhounská 16,602,Brno
Výčep Na stojáka,Pekařská 2,602,Brno
Výletní Hospoda Princezna,Hrázní  9,635,Brno
Výletní restaurace U LVA,Hrázní 232,635,Brno
Výtopna,Starobrněnská 12,602,Brno
Wang running sushi ,Jánská  9,602,Brno
Wayland club,Hlinky 94,603,Brno
Westminster,Brno ,603,Brno
Whiskey bar,Gorkého  58,602,Brno
Whisky Bar Valevil,Kopečná 14,60200,Brno
x,Vídeň ,60200,Brno
Yucatan,Tábor  ,61600,Brno
Za sedmero,Adamovská 24/25,644,Brno
Zannam restaurant,Selská 7,66140,Brno
Zappadlo bar restaurant,Štefánikova 39 ,66140,Brno
Zbojnická izba,Křížkovského 33,603,Brno
Zelená kočka,Kounicova 83,603,Brno
Zelená kočka - Dalešický pivovarský restaurant,Solniční 8,60200,Brno
Zelená Kočka Pivárium,Dvořákova 3,60200,Brno
Zemský Dům,Kounicova 1,602,Brno
Zlatá loď,Náměstí Svobody 5,60200,Brno
Zlatá miska,Marešova 14,602,Brno
Zlatá muška,Panská  ,66020,Brno
Zlatá veverka,Zelný trh  318/1,60200,Brno
Zlaty Orel,Videnska 100,619,Brno
Zorbas,Sokolská  4,60200,Brno
Žebětínský dvůr,Křivánkovo náměstí 33a,64100,Brno
Železná Růže,Hlinky 48,603,Brno
